Date,bc_flux0,bc_flux1,bc_flux2
01/01/1981,1426562.25,0,0
01/02/1981,1578018.25,0,0
01/03/1981,3114344,0,0
01/04/1981,6486132.5,0,0
01/05/1981,10600365,0,0
01/06/1981,13196861,0,0
01/07/1981,13870127,0,0
01/08/1981,12890701,0,0
01/09/1981,10889549,0,0
01/10/1981,8489590,0,0
01/11/1981,6271945.5,0,0
01/12/1981,4522015,0,0
01/13/1981,3280742.5,0,0
01/14/1981,2435856.75,0,0
01/15/1981,1826299.75,0,0
01/16/1981,1498445.5,0,0
01/17/1981,1374537.5,0,0
01/18/1981,1333379.75,0,0
01/19/1981,1319188.875,0,0
01/20/1981,1336158,0,0
01/21/1981,1369474.875,0,0
01/22/1981,1373837.25,0,0
01/23/1981,1330088.25,0,0
01/24/1981,1256790.125,0,0
01/25/1981,1186602.5,0,0
01/26/1981,1131661.625,0,0
01/27/1981,1057810.75,0,0
01/28/1981,987384.125,0,0
01/29/1981,970168.75,0,0
01/30/1981,978686.0625,0,0
01/31/1981,945574,0,0
02/01/1981,832234.25,0,0
02/02/1981,660903.125,0,0
02/03/1981,475405.5313,0,0
02/04/1981,365246.9375,0,0
02/05/1981,359339.9688,0,0
02/06/1981,406343.4063,0,0
02/07/1981,430944.6563,0,0
02/08/1981,396576.8438,0,0
02/09/1981,312452.0625,0,0
02/10/1981,309984.4688,0,0
02/11/1981,397978.375,0,0
02/12/1981,505144.3438,0,0
02/13/1981,549126.875,0,0
02/14/1981,486145.7188,0,0
02/15/1981,511453.4688,0,0
02/16/1981,601544.6875,0,0
02/17/1981,656592.5625,0,0
02/18/1981,611531.8125,0,0
02/19/1981,463622.4688,0,0
02/20/1981,945756.75,0,0
02/21/1981,1315823.25,0,0
02/22/1981,1256106.375,0,0
02/23/1981,909776.125,0,0
02/24/1981,632740.1875,0,0
02/25/1981,416449.4063,0,0
02/26/1981,438637.9688,0,0
02/27/1981,419497.5625,0,0
02/28/1981,272234.0313,0,0
03/01/1981,1397393,0,0
03/02/1981,1227104,0,0
03/03/1981,1012851.875,0,0
03/04/1981,594225.75,0,0
03/05/1981,235813.3594,0,0
03/06/1981,3297205.25,0,0
03/07/1981,1543160.5,0,0
03/08/1981,456182.4375,0,0
03/09/1981,855540.75,0,0
03/10/1981,302999.9375,0,0
03/11/1981,133261.9375,0,0
03/12/1981,18031.09961,0,0
03/13/1981,4899161,0,0
03/14/1981,16090.93457,0,0
03/15/1981,1852.05127,0,0
03/16/1981,78.47134399,0,0
03/17/1981,6673.184082,0,0
03/18/1981,7.83E-40,0,0
03/19/1981,24601.4082,0,0
03/20/1981,1104.063599,0,0
03/21/1981,0,0,0
03/22/1981,0,0,0
03/23/1981,13010.44629,0,0
03/24/1981,0,0,0
03/25/1981,5.397705078,0,0
03/26/1981,11390.50488,0,0
03/27/1981,4991.967285,0,0
03/28/1981,423.5647583,0,0
03/29/1981,20215.08789,0,0
03/30/1981,2493.015869,0,0
03/31/1981,8210.623047,0,0
04/01/1981,3244.072998,0,0
04/02/1981,2860.519043,0,0
04/03/1981,648.8318481,0,0
04/04/1981,16221.83398,0,0
04/05/1981,5776.185059,0,0
04/06/1981,3579.990234,0,0
04/07/1981,422.1063843,0,0
04/08/1981,0,0,0
04/09/1981,7990.254883,0,0
04/10/1981,85.13031006,0,0
04/11/1981,0,0,0
04/12/1981,10081.58984,0,0
04/13/1981,595.255249,0,0
04/14/1981,8777.932617,0,0
04/15/1981,3131.000488,0,0
04/16/1981,0,0,0
04/17/1981,13784.69434,0,0
04/18/1981,2961.305664,0,0
04/19/1981,1063.696289,0,0
04/20/1981,0,0,0
04/21/1981,7884.500488,0,0
04/22/1981,302.9916382,0,0
04/23/1981,13878.21191,0,0
04/24/1981,3236.69043,0,0
04/25/1981,0,0,0
04/26/1981,5451.0625,0,0
04/27/1981,71.63168335,0,0
04/28/1981,413.1692505,0,0
04/29/1981,0,0,0
04/30/1981,2863.210938,0,0
05/01/1981,2457.962891,0,0
05/02/1981,0,0,0
05/03/1981,39653.44531,0,0
05/04/1981,9685.680664,0,0
05/05/1981,3786.858643,0,0
05/06/1981,241.451416,0,0
05/07/1981,0,0,0
05/08/1981,5059.408691,0,0
05/09/1981,0,0,0
05/10/1981,5247.598145,0,0
05/11/1981,0,0,0
05/12/1981,2669.282227,0,0
05/13/1981,7121.914551,0,0
05/14/1981,829.0339355,0,0
05/15/1981,30735.9043,0,0
05/16/1981,8802.786133,0,0
05/17/1981,1404.89209,0,0
05/18/1981,4495.756348,0,0
05/19/1981,2635.081543,0,0
05/20/1981,2096.214111,0,0
05/21/1981,0,0,0
05/22/1981,16301.6543,0,0
05/23/1981,12139.2666,0,0
05/24/1981,12987.1543,0,0
05/25/1981,4204.854492,0,0
05/26/1981,4126.055664,0,0
05/27/1981,20366.44336,0,0
05/28/1981,11420.37109,0,0
05/29/1981,5935.538086,0,0
05/30/1981,2372.26416,0,0
05/31/1981,10728.89453,0,0
06/01/1981,27768.36133,0,0
06/02/1981,20347.78125,0,0
06/03/1981,16233.47168,0,0
06/04/1981,10124.05664,0,0
06/05/1981,16206.2793,0,0
06/06/1981,14005.45996,0,0
06/07/1981,8288.755859,0,0
06/08/1981,27530.62109,0,0
06/09/1981,51751.24219,0,0
06/10/1981,25215.27344,0,0
06/11/1981,12092.67188,0,0
06/12/1981,35429.13672,0,0
06/13/1981,40722.0625,0,0
06/14/1981,13862.5625,0,0
06/15/1981,5061.276367,0,0
06/16/1981,3193.767578,0,0
06/17/1981,18837.26367,0,0
06/18/1981,0,0,0
06/19/1981,151032.6563,0,0
06/20/1981,122584.9766,0,0
06/21/1981,79271.03125,0,0
06/22/1981,95363.09375,0,0
06/23/1981,15140.8877,0,0
06/24/1981,2399.461426,0,0
06/25/1981,82232.82813,0,0
06/26/1981,68498.60938,0,0
06/27/1981,46955.61328,0,0
06/28/1981,26270.22656,0,0
06/29/1981,174123.3125,0,0
06/30/1981,0,0,0
07/01/1981,200687.9219,0,0
07/02/1981,85246.53125,0,0
07/03/1981,52251.20313,0,0
07/04/1981,101232.3672,0,0
07/05/1981,18923.34375,0,0
07/06/1981,1007.279175,0,0
07/07/1981,126902.3828,0,0
07/08/1981,151932.3125,0,0
07/09/1981,119456.7656,0,0
07/10/1981,301614.5,0,0
07/11/1981,1356.846924,0,0
07/12/1981,314216.25,0,0
07/13/1981,789713.875,0,0
07/14/1981,130388.0156,0,0
07/15/1981,358883.9688,0,0
07/16/1981,66447.64063,0,0
07/17/1981,185125.3125,0,0
07/18/1981,69290.49219,0,0
07/19/1981,0,0,0
07/20/1981,12501194,0,0
07/21/1981,4488.434082,0,0
07/22/1981,2066766.75,0,0
07/23/1981,0,0,0
07/24/1981,797783.125,0,0
07/25/1981,193506.9375,0,0
07/26/1981,4077.849365,0,0
07/27/1981,51730.28516,0,0
07/28/1981,65097.77344,0,0
07/29/1981,97684.14063,0,0
07/30/1981,53236.03516,0,0
07/31/1981,5349.645508,0,0
08/01/1981,2121693,0,0
08/02/1981,112603.8047,0,0
08/03/1981,415763.9063,0,0
08/04/1981,178925.0313,0,0
08/05/1981,390615.3125,0,0
08/06/1981,90521.07031,0,0
08/07/1981,320102.1563,0,0
08/08/1981,148311.5938,0,0
08/09/1981,8532.592773,0,0
08/10/1981,12678194,0,0
08/11/1981,175410.7813,0,0
08/12/1981,1498026.25,0,0
08/13/1981,614471.3125,0,0
08/14/1981,89083.90625,0,0
08/15/1981,427962.9375,0,0
08/16/1981,9935.311523,0,0
08/17/1981,1403282.75,0,0
08/18/1981,12888.53906,0,0
08/19/1981,120314.3516,0,0
08/20/1981,38773.53516,0,0
08/21/1981,12264.5332,0,0
08/22/1981,70925.03906,0,0
08/23/1981,18755.10156,0,0
08/24/1981,158954.0938,0,0
08/25/1981,70349.57031,0,0
08/26/1981,19751.32031,0,0
08/27/1981,96250.74219,0,0
08/28/1981,113655.4922,0,0
08/29/1981,519335.0313,0,0
08/30/1981,351220.25,0,0
08/31/1981,2395960.75,0,0
09/01/1981,38945.85156,0,0
09/02/1981,2675970.5,0,0
09/03/1981,137431.4219,0,0
09/04/1981,74994.77344,0,0
09/05/1981,702823.0625,0,0
09/06/1981,332789.6563,0,0
09/07/1981,821919.375,0,0
09/08/1981,648098,0,0
09/09/1981,356334,0,0
09/10/1981,377744.5625,0,0
09/11/1981,309340.9375,0,0
09/12/1981,210426.7344,0,0
09/13/1981,87482.35156,0,0
09/14/1981,2219396.5,0,0
09/15/1981,454418.625,0,0
09/16/1981,1028761.75,0,0
09/17/1981,811974.0625,0,0
09/18/1981,404149.5938,0,0
09/19/1981,595470.0625,0,0
09/20/1981,359596.625,0,0
09/21/1981,755263.3125,0,0
09/22/1981,561538.5,0,0
09/23/1981,553554.125,0,0
09/24/1981,241085.2188,0,0
09/25/1981,1063969.625,0,0
09/26/1981,719017.6875,0,0
09/27/1981,1102996.875,0,0
09/28/1981,925689.8125,0,0
09/29/1981,510793.6563,0,0
09/30/1981,199503.4063,0,0
10/01/1981,1424356.5,0,0
10/02/1981,641945.875,0,0
10/03/1981,1912577.25,0,0
10/04/1981,866040.0625,0,0
10/05/1981,468933,0,0
10/06/1981,174089.0781,0,0
10/07/1981,53045.59375,0,0
10/08/1981,2546948.25,0,0
10/09/1981,238216.4531,0,0
10/10/1981,64515.52344,0,0
10/11/1981,27820.69727,0,0
10/12/1981,322164.1563,0,0
10/13/1981,39043.58984,0,0
10/14/1981,36663.85156,0,0
10/15/1981,26278.49219,0,0
10/16/1981,26899.85742,0,0
10/17/1981,23489.81641,0,0
10/18/1981,31806.0293,0,0
10/19/1981,35340.30469,0,0
10/20/1981,32976.31641,0,0
10/21/1981,27826.6582,0,0
10/22/1981,23999.0625,0,0
10/23/1981,25846.66016,0,0
10/24/1981,31120.61328,0,0
10/25/1981,37810.72266,0,0
10/26/1981,44079.21094,0,0
10/27/1981,42808.37109,0,0
10/28/1981,37109.39844,0,0
10/29/1981,32481.23047,0,0
10/30/1981,25864.73633,0,0
10/31/1981,17512.98828,0,0
11/01/1981,16518.41992,0,0
11/02/1981,27479.12305,0,0
11/03/1981,42379.6875,0,0
11/04/1981,51340.89453,0,0
11/05/1981,45093.90625,0,0
11/06/1981,32421.95703,0,0
11/07/1981,22181.44922,0,0
11/08/1981,15485.68066,0,0
11/09/1981,11406.56543,0,0
11/10/1981,13471.83496,0,0
11/11/1981,18436.95898,0,0
11/12/1981,25733,0,0
11/13/1981,30939.89063,0,0
11/14/1981,29380.56641,0,0
11/15/1981,20898.8125,0,0
11/16/1981,10974.70313,0,0
11/17/1981,67155.45313,0,0
11/18/1981,59786.55078,0,0
11/19/1981,43279.05078,0,0
11/20/1981,30086.58203,0,0
11/21/1981,22880.68359,0,0
11/22/1981,17328.72266,0,0
11/23/1981,15686.6875,0,0
11/24/1981,16532.12891,0,0
11/25/1981,15883.88379,0,0
11/26/1981,13411.49023,0,0
11/27/1981,9396.46875,0,0
11/28/1981,108396.2969,0,0
11/29/1981,122357.4141,0,0
11/30/1981,120629.1094,0,0
12/01/1981,97622.27344,0,0
12/02/1981,68507.375,0,0
12/03/1981,46985.70313,0,0
12/04/1981,58117.55469,0,0
12/05/1981,91659.21094,0,0
12/06/1981,102843.4609,0,0
12/07/1981,92326.23438,0,0
12/08/1981,56143.03906,0,0
12/09/1981,48023.88281,0,0
12/10/1981,48485.60547,0,0
12/11/1981,43074.21094,0,0
12/12/1981,32986.79297,0,0
12/13/1981,194309.3125,0,0
12/14/1981,77705.28125,0,0
12/15/1981,82649.21094,0,0
12/16/1981,59521.07813,0,0
12/17/1981,36101.92188,0,0
12/18/1981,66425.07031,0,0
12/19/1981,30421.67969,0,0
12/20/1981,146102.3125,0,0
12/21/1981,30799.4082,0,0
12/22/1981,807527.1875,0,0
12/23/1981,99836.39844,0,0
12/24/1981,110559.1797,0,0
12/25/1981,15067.76563,0,0
12/26/1981,1159892.625,0,0
12/27/1981,52128.34375,0,0
12/28/1981,40926.32031,0,0
12/29/1981,60163.25391,0,0
12/30/1981,54532.10938,0,0
12/31/1981,33833.44531,0,0
01/01/1982,19620.25977,0,0
01/02/1982,148933.9219,0,0
01/03/1982,121039.7734,0,0
01/04/1982,100909.3203,0,0
01/05/1982,65856.17188,0,0
01/06/1982,41377.89063,0,0
01/07/1982,25760.27344,0,0
01/08/1982,315678.5313,0,0
01/09/1982,164715.1563,0,0
01/10/1982,99150.0625,0,0
01/11/1982,55247.5625,0,0
01/12/1982,54876.16406,0,0
01/13/1982,39612.73047,0,0
01/14/1982,132127.7188,0,0
01/15/1982,109607.6641,0,0
01/16/1982,67327.10156,0,0
01/17/1982,37671.44922,0,0
01/18/1982,134686.5781,0,0
01/19/1982,40948.44531,0,0
01/20/1982,1409609.125,0,0
01/21/1982,431362.8125,0,0
01/22/1982,178993.1875,0,0
01/23/1982,91605.71875,0,0
01/24/1982,59752.63672,0,0
01/25/1982,51976.44531,0,0
01/26/1982,50567.71094,0,0
01/27/1982,94226.64844,0,0
01/28/1982,125992.9922,0,0
01/29/1982,111505.3281,0,0
01/30/1982,191225.5781,0,0
01/31/1982,236633.0938,0,0
02/01/1982,196686.5938,0,0
02/02/1982,146188.6875,0,0
02/03/1982,102480.3828,0,0
02/04/1982,67086.8125,0,0
02/05/1982,222570.3125,0,0
02/06/1982,148119.1875,0,0
02/07/1982,83478.5,0,0
02/08/1982,47381.8125,0,0
02/09/1982,254301.3438,0,0
02/10/1982,99677.78125,0,0
02/11/1982,42556.28125,0,0
02/12/1982,82224.26563,0,0
02/13/1982,106940.4922,0,0
02/14/1982,68732.69531,0,0
02/15/1982,37842.13672,0,0
02/16/1982,88697.50781,0,0
02/17/1982,87905.5,0,0
02/18/1982,60720.69531,0,0
02/19/1982,37459.08203,0,0
02/20/1982,39207.85156,0,0
02/21/1982,312367.1875,0,0
02/22/1982,126012.7969,0,0
02/23/1982,386479.4063,0,0
02/24/1982,255304.125,0,0
02/25/1982,155769.4063,0,0
02/26/1982,94201.88281,0,0
02/27/1982,62894.23828,0,0
02/28/1982,54259.32813,0,0
03/01/1982,45812.14453,0,0
03/02/1982,59897.71875,0,0
03/03/1982,80319.57813,0,0
03/04/1982,75918.94531,0,0
03/05/1982,53520.19922,0,0
03/06/1982,212976.2813,0,0
03/07/1982,207371.8281,0,0
03/08/1982,290427.4063,0,0
03/09/1982,302927.6563,0,0
03/10/1982,226868.3125,0,0
03/11/1982,118874.7969,0,0
03/12/1982,108723.2188,0,0
03/13/1982,302898.4688,0,0
03/14/1982,188066.2188,0,0
03/15/1982,79199.60938,0,0
03/16/1982,85996.0625,0,0
03/17/1982,49282.19141,0,0
03/18/1982,270005.125,0,0
03/19/1982,118818.8906,0,0
03/20/1982,87357.45313,0,0
03/21/1982,74865.14063,0,0
03/22/1982,50591.10156,0,0
03/23/1982,25413.58984,0,0
03/24/1982,340621.125,0,0
03/25/1982,231772.7031,0,0
03/26/1982,142811.3438,0,0
03/27/1982,72195.46875,0,0
03/28/1982,196870.7188,0,0
03/29/1982,241942.6719,0,0
03/30/1982,183957.4531,0,0
03/31/1982,106694.0781,0,0
04/01/1982,59676.48047,0,0
04/02/1982,209426.9063,0,0
04/03/1982,217129.7031,0,0
04/04/1982,143388.8125,0,0
04/05/1982,83706.90625,0,0
04/06/1982,136298.0625,0,0
04/07/1982,83702.08594,0,0
04/08/1982,167074,0,0
04/09/1982,84195.32813,0,0
04/10/1982,52164.42188,0,0
04/11/1982,1149388.125,0,0
04/12/1982,1126921,0,0
04/13/1982,316935.625,0,0
04/14/1982,87822.98438,0,0
04/15/1982,1158441.875,0,0
04/16/1982,249187.7813,0,0
04/17/1982,236553.1563,0,0
04/18/1982,123113.0703,0,0
04/19/1982,86377.6875,0,0
04/20/1982,81802.71875,0,0
04/21/1982,71516.92188,0,0
04/22/1982,54876.32031,0,0
04/23/1982,72570.08594,0,0
04/24/1982,77200.50781,0,0
04/25/1982,92329.82813,0,0
04/26/1982,50368.55469,0,0
04/27/1982,168397.4219,0,0
04/28/1982,134088.125,0,0
04/29/1982,78168.33594,0,0
04/30/1982,37142.48047,0,0
05/01/1982,141669.0781,0,0
05/02/1982,97448.85938,0,0
05/03/1982,53853.14063,0,0
05/04/1982,27749.57422,0,0
05/05/1982,158419.3594,0,0
05/06/1982,69396.40625,0,0
05/07/1982,32928.94531,0,0
05/08/1982,78012.15625,0,0
05/09/1982,9473.580078,0,0
05/10/1982,665840.375,0,0
05/11/1982,301403.125,0,0
05/12/1982,261765.125,0,0
05/13/1982,215105.1875,0,0
05/14/1982,170734.9688,0,0
05/15/1982,125099.1484,0,0
05/16/1982,84647.28125,0,0
05/17/1982,110745.7578,0,0
05/18/1982,139412.1563,0,0
05/19/1982,154696.2813,0,0
05/20/1982,139529.9531,0,0
05/21/1982,97637.15625,0,0
05/22/1982,304290.4375,0,0
05/23/1982,223.204834,0,0
05/24/1982,3774407.5,0,0
05/25/1982,473135.1563,0,0
05/26/1982,388259.9375,0,0
05/27/1982,308247.6563,0,0
05/28/1982,235265.7031,0,0
05/29/1982,163502.9219,0,0
05/30/1982,109505.4844,0,0
05/31/1982,76368.4375,0,0
06/01/1982,375030.8125,0,0
06/02/1982,9508.947266,0,0
06/03/1982,473331.7813,0,0
06/04/1982,797370,0,0
06/05/1982,713535.1875,0,0
06/06/1982,526423,0,0
06/07/1982,344491,0,0
06/08/1982,545899.5625,0,0
06/09/1982,62098.65625,0,0
06/10/1982,176792.7031,0,0
06/11/1982,263366.25,0,0
06/12/1982,238853.0469,0,0
06/13/1982,151697.3281,0,0
06/14/1982,230806.1719,0,0
06/15/1982,130054.9063,0,0
06/16/1982,75322.07813,0,0
06/17/1982,71483.24219,0,0
06/18/1982,46663.67188,0,0
06/19/1982,32879.85547,0,0
06/20/1982,63829.36328,0,0
06/21/1982,35762.26953,0,0
06/22/1982,505289,0,0
06/23/1982,404964.9375,0,0
06/24/1982,1747692.125,0,0
06/25/1982,113535.2656,0,0
06/26/1982,280926.9375,0,0
06/27/1982,215732.7188,0,0
06/28/1982,1168761.25,0,0
06/29/1982,545.6057129,0,0
06/30/1982,280425.25,0,0
07/01/1982,212349.0938,0,0
07/02/1982,332505.75,0,0
07/03/1982,52914.53125,0,0
07/04/1982,145662.0938,0,0
07/05/1982,98.80072021,0,0
07/06/1982,21230.94141,0,0
07/07/1982,507653.4688,0,0
07/08/1982,120861.4063,0,0
07/09/1982,9839.838867,0,0
07/10/1982,831192,0,0
07/11/1982,1278780.25,0,0
07/12/1982,539544.375,0,0
07/13/1982,1133922.625,0,0
07/14/1982,3269.094727,0,0
07/15/1982,23792.31055,0,0
07/16/1982,50596.82813,0,0
07/17/1982,241891.3594,0,0
07/18/1982,15064.39941,0,0
07/19/1982,28448.38281,0,0
07/20/1982,38888.25,0,0
07/21/1982,43968.14063,0,0
07/22/1982,191635.4531,0,0
07/23/1982,198545.5313,0,0
07/24/1982,18568.37109,0,0
07/25/1982,12502.83984,0,0
07/26/1982,37921.98828,0,0
07/27/1982,394141.0938,0,0
07/28/1982,23086.48633,0,0
07/29/1982,28124.89063,0,0
07/30/1982,747086.4375,0,0
07/31/1982,38358.40625,0,0
08/01/1982,71592.59375,0,0
08/02/1982,89204.01563,0,0
08/03/1982,101739.625,0,0
08/04/1982,548959.625,0,0
08/05/1982,109548.625,0,0
08/06/1982,39588.36719,0,0
08/07/1982,219956.4219,0,0
08/08/1982,76269.67969,0,0
08/09/1982,1307869.625,0,0
08/10/1982,233369.5313,0,0
08/11/1982,407568.75,0,0
08/12/1982,175150.5,0,0
08/13/1982,56811.79688,0,0
08/14/1982,63550.88281,0,0
08/15/1982,2824874.5,0,0
08/16/1982,251078.9375,0,0
08/17/1982,3147349.5,0,0
08/18/1982,406050.75,0,0
08/19/1982,925486.375,0,0
08/20/1982,196805.0469,0,0
08/21/1982,755963.75,0,0
08/22/1982,127707.0547,0,0
08/23/1982,2102036.25,0,0
08/24/1982,299385.9063,0,0
08/25/1982,171052.75,0,0
08/26/1982,1372285.5,0,0
08/27/1982,465113.1875,0,0
08/28/1982,247921,0,0
08/29/1982,232192.6563,0,0
08/30/1982,360937.875,0,0
08/31/1982,397783.9688,0,0
09/01/1982,409285.0938,0,0
09/02/1982,414830,0,0
09/03/1982,485408.125,0,0
09/04/1982,376697.5625,0,0
09/05/1982,316476.8125,0,0
09/06/1982,309450.9688,0,0
09/07/1982,227418.5313,0,0
09/08/1982,151470.2656,0,0
09/09/1982,94845.5625,0,0
09/10/1982,371261.6875,0,0
09/11/1982,703989.25,0,0
09/12/1982,820625.125,0,0
09/13/1982,687537.8125,0,0
09/14/1982,616915.0625,0,0
09/15/1982,613313.125,0,0
09/16/1982,496657.4375,0,0
09/17/1982,470542.0313,0,0
09/18/1982,466793.5938,0,0
09/19/1982,326801.25,0,0
09/20/1982,235766.7813,0,0
09/21/1982,334387.9063,0,0
09/22/1982,433159,0,0
09/23/1982,432944.3438,0,0
09/24/1982,420383.3125,0,0
09/25/1982,377951.3438,0,0
09/26/1982,287984.4063,0,0
09/27/1982,278636.6563,0,0
09/28/1982,393454.2188,0,0
09/29/1982,562337.6875,0,0
09/30/1982,714746.5625,0,0
10/01/1982,808634.1875,0,0
10/02/1982,649556.5625,0,0
10/03/1982,481732.375,0,0
10/04/1982,388510.9063,0,0
10/05/1982,325563.0313,0,0
10/06/1982,224283.4375,0,0
10/07/1982,210313.5,0,0
10/08/1982,215265.2031,0,0
10/09/1982,240710.3906,0,0
10/10/1982,118778.1094,0,0
10/11/1982,136907.8281,0,0
10/12/1982,106832.5313,0,0
10/13/1982,87395.55469,0,0
10/14/1982,93348.39844,0,0
10/15/1982,896804,0,0
10/16/1982,168442.7813,0,0
10/17/1982,2270851.75,0,0
10/18/1982,848773.6875,0,0
10/19/1982,1351670.125,0,0
10/20/1982,846076.75,0,0
10/21/1982,341693.875,0,0
10/22/1982,94815.14844,0,0
10/23/1982,1270625.875,0,0
10/24/1982,20964.10547,0,0
10/25/1982,2102609,0,0
10/26/1982,22477.4082,0,0
10/27/1982,76256.67969,0,0
10/28/1982,28952.52344,0,0
10/29/1982,26863.57227,0,0
10/30/1982,25757.19727,0,0
10/31/1982,29334.01367,0,0
11/01/1982,28205.7168,0,0
11/02/1982,31430.44922,0,0
11/03/1982,29016.87305,0,0
11/04/1982,20181.24414,0,0
11/05/1982,25508.01563,0,0
11/06/1982,10623.94922,0,0
11/07/1982,106083.0859,0,0
11/08/1982,18281.52148,0,0
11/09/1982,9087.282227,0,0
11/10/1982,6136.676758,0,0
11/11/1982,1865.4729,0,0
11/12/1982,490.8291626,0,0
11/13/1982,0,0,0
11/14/1982,0,0,0
11/15/1982,320.2487183,0,0
11/16/1982,490.6027527,0,0
11/17/1982,388.055481,0,0
11/18/1982,40.88739014,0,0
11/19/1982,0,0,0
11/20/1982,4366.175293,0,0
11/21/1982,1103.790771,0,0
11/22/1982,92.68447876,0,0
11/23/1982,0,0,0
11/24/1982,1394.945801,0,0
11/25/1982,0,0,0
11/26/1982,1520.852783,0,0
11/27/1982,430.3697205,0,0
11/28/1982,2370.000732,0,0
11/29/1982,3960.003906,0,0
11/30/1982,16151.65234,0,0
12/01/1982,29636.43945,0,0
12/02/1982,31236.27148,0,0
12/03/1982,28106.16797,0,0
12/04/1982,24559.1875,0,0
12/05/1982,17868.15234,0,0
12/06/1982,10333.75098,0,0
12/07/1982,6887.145508,0,0
12/08/1982,41159.01172,0,0
12/09/1982,11608.23828,0,0
12/10/1982,108303.3672,0,0
12/11/1982,34412.65234,0,0
12/12/1982,11723.11523,0,0
12/13/1982,8822.807617,0,0
12/14/1982,7867.977051,0,0
12/15/1982,6344.374512,0,0
12/16/1982,4049.907471,0,0
12/17/1982,2889.492676,0,0
12/18/1982,3821.295898,0,0
12/19/1982,6536.993164,0,0
12/20/1982,14633.12891,0,0
12/21/1982,22533.14844,0,0
12/22/1982,23658.37891,0,0
12/23/1982,32501.02148,0,0
12/24/1982,39721.21875,0,0
12/25/1982,35589.92188,0,0
12/26/1982,25615.50391,0,0
12/27/1982,17526.4668,0,0
12/28/1982,10632.1582,0,0
12/29/1982,18723.09766,0,0
12/30/1982,20751.62891,0,0
12/31/1982,22671.46484,0,0
01/01/1983,17168.30859,0,0
01/02/1983,30509.84375,0,0
01/03/1983,38506.0625,0,0
01/04/1983,30000.05469,0,0
01/05/1983,15075.65723,0,0
01/06/1983,130395.3438,0,0
01/07/1983,79512.74219,0,0
01/08/1983,36968.04688,0,0
01/09/1983,12920.91016,0,0
01/10/1983,153132.0156,0,0
01/11/1983,57290.07031,0,0
01/12/1983,20076.66602,0,0
01/13/1983,9007.15332,0,0
01/14/1983,127000.2813,0,0
01/15/1983,62222.27734,0,0
01/16/1983,27920.44141,0,0
01/17/1983,12209.60156,0,0
01/18/1983,5836.457031,0,0
01/19/1983,17476.1875,0,0
01/20/1983,69662.84375,0,0
01/21/1983,40017.15625,0,0
01/22/1983,15723.89551,0,0
01/23/1983,6292.231445,0,0
01/24/1983,8624.920898,0,0
01/25/1983,10642.54883,0,0
01/26/1983,38417.67969,0,0
01/27/1983,59987.39063,0,0
01/28/1983,56817.14453,0,0
01/29/1983,36479.21875,0,0
01/30/1983,18011.31445,0,0
01/31/1983,7172.211914,0,0
02/01/1983,65809.84375,0,0
02/02/1983,30588.81055,0,0
02/03/1983,19952.68555,0,0
02/04/1983,14308.28223,0,0
02/05/1983,6756.578125,0,0
02/06/1983,16188.54004,0,0
02/07/1983,47849.84766,0,0
02/08/1983,73328.16406,0,0
02/09/1983,73275.75781,0,0
02/10/1983,73224.79688,0,0
02/11/1983,62888.46875,0,0
02/12/1983,42854.01172,0,0
02/13/1983,25642.94336,0,0
02/14/1983,11397.18652,0,0
02/15/1983,1008751.438,0,0
02/16/1983,603107.875,0,0
02/17/1983,354452.9375,0,0
02/18/1983,188531.7813,0,0
02/19/1983,106466.5156,0,0
02/20/1983,48594.55859,0,0
02/21/1983,170109.5313,0,0
02/22/1983,62217.02734,0,0
02/23/1983,14067.85938,0,0
02/24/1983,287931.1563,0,0
02/25/1983,32225.96875,0,0
02/26/1983,3446.964111,0,0
02/27/1983,120.8103943,0,0
02/28/1983,2399.512939,0,0
03/01/1983,7553.116699,0,0
03/02/1983,12596.65527,0,0
03/03/1983,17204.7793,0,0
03/04/1983,14389.96484,0,0
03/05/1983,6739.023438,0,0
03/06/1983,55073.41797,0,0
03/07/1983,77723.82031,0,0
03/08/1983,64805.47656,0,0
03/09/1983,39610.45703,0,0
03/10/1983,26223.0293,0,0
03/11/1983,22258.14063,0,0
03/12/1983,22530.3125,0,0
03/13/1983,19532.4375,0,0
03/14/1983,11749.76465,0,0
03/15/1983,67130.25781,0,0
03/16/1983,58004.45703,0,0
03/17/1983,33170.03125,0,0
03/18/1983,14475.18164,0,0
03/19/1983,53706.74609,0,0
03/20/1983,17351.42383,0,0
03/21/1983,358779.7188,0,0
03/22/1983,121144.5,0,0
03/23/1983,27516.73633,0,0
03/24/1983,9561.139648,0,0
03/25/1983,581.3342896,0,0
03/26/1983,64610.74219,0,0
03/27/1983,8214.693359,0,0
03/28/1983,17669.40039,0,0
03/29/1983,28217.98242,0,0
03/30/1983,32520.75781,0,0
03/31/1983,23941.65625,0,0
04/01/1983,20890.5,0,0
04/02/1983,27215.44922,0,0
04/03/1983,27715.10156,0,0
04/04/1983,20064.4082,0,0
04/05/1983,9094.847656,0,0
04/06/1983,19493.66992,0,0
04/07/1983,26493.58008,0,0
04/08/1983,20904.14648,0,0
04/09/1983,91997.73438,0,0
04/10/1983,166684.4063,0,0
04/11/1983,193954.9375,0,0
04/12/1983,167746.9219,0,0
04/13/1983,129173.2813,0,0
04/14/1983,82360.21094,0,0
04/15/1983,103647.5859,0,0
04/16/1983,103968.3125,0,0
04/17/1983,66801.03906,0,0
04/18/1983,316445.9688,0,0
04/19/1983,287875.4375,0,0
04/20/1983,154742.8438,0,0
04/21/1983,189526.4063,0,0
04/22/1983,149389.7188,0,0
04/23/1983,59188.88281,0,0
04/24/1983,508947.5625,0,0
04/25/1983,246085.2031,0,0
04/26/1983,61949.5,0,0
04/27/1983,112029.9141,0,0
04/28/1983,375566.3125,0,0
04/29/1983,46287.98828,0,0
04/30/1983,883190.125,0,0
05/01/1983,130125.3828,0,0
05/02/1983,37413.58203,0,0
05/03/1983,1019091.063,0,0
05/04/1983,8179.410156,0,0
05/05/1983,55150.67578,0,0
05/06/1983,47999.55469,0,0
05/07/1983,24238.0957,0,0
05/08/1983,6858.445313,0,0
05/09/1983,1038.160034,0,0
05/10/1983,0,0,0
05/11/1983,463.6971436,0,0
05/12/1983,2863.109863,0,0
05/13/1983,5027.982422,0,0
05/14/1983,4805.305176,0,0
05/15/1983,3114.267578,0,0
05/16/1983,1988.892334,0,0
05/17/1983,1019.154358,0,0
05/18/1983,0,0,0
05/19/1983,4279.507324,0,0
05/20/1983,7413.10791,0,0
05/21/1983,6183.460938,0,0
05/22/1983,51444.88281,0,0
05/23/1983,4677.723633,0,0
05/24/1983,166684.0469,0,0
05/25/1983,267913.25,0,0
05/26/1983,324548.375,0,0
05/27/1983,341297.8438,0,0
05/28/1983,340647.7813,0,0
05/29/1983,364916.9688,0,0
05/30/1983,434949.4688,0,0
05/31/1983,495870.0938,0,0
06/01/1983,1841104.125,0,0
06/02/1983,0,0,0
06/03/1983,688197.3125,0,0
06/04/1983,468262.4688,0,0
06/05/1983,228903.3906,0,0
06/06/1983,111915.2656,0,0
06/07/1983,60887.875,0,0
06/08/1983,115613.4375,0,0
06/09/1983,4435.009277,0,0
06/10/1983,384287.25,0,0
06/11/1983,233277.5781,0,0
06/12/1983,131525.7656,0,0
06/13/1983,82637.0625,0,0
06/14/1983,55627.46094,0,0
06/15/1983,36848.70313,0,0
06/16/1983,22265.30078,0,0
06/17/1983,34537.58984,0,0
06/18/1983,26451.05469,0,0
06/19/1983,17103.9082,0,0
06/20/1983,31526.54492,0,0
06/21/1983,50445.35938,0,0
06/22/1983,14992.48633,0,0
06/23/1983,374667.1875,0,0
06/24/1983,1404226.875,0,0
06/25/1983,9306.000977,0,0
06/26/1983,702974.375,0,0
06/27/1983,326366.8125,0,0
06/28/1983,1224704.25,0,0
06/29/1983,30840.14453,0,0
06/30/1983,178151.375,0,0
07/01/1983,278206.875,0,0
07/02/1983,1031652.313,0,0
07/03/1983,136643.1563,0,0
07/04/1983,255475.1875,0,0
07/05/1983,20355.93359,0,0
07/06/1983,40449.98828,0,0
07/07/1983,489334.25,0,0
07/08/1983,42929.29688,0,0
07/09/1983,27298.3457,0,0
07/10/1983,588785.125,0,0
07/11/1983,166939.7188,0,0
07/12/1983,84854.4375,0,0
07/13/1983,59914.59766,0,0
07/14/1983,83469.28906,0,0
07/15/1983,168673.5,0,0
07/16/1983,264162.3438,0,0
07/17/1983,646582.75,0,0
07/18/1983,97868.48438,0,0
07/19/1983,112295.3906,0,0
07/20/1983,92573.27344,0,0
07/21/1983,71223.10156,0,0
07/22/1983,292786.625,0,0
07/23/1983,19214.96094,0,0
07/24/1983,86201.83594,0,0
07/25/1983,155129.3906,0,0
07/26/1983,158546.5313,0,0
07/27/1983,419418.875,0,0
07/28/1983,29817.80859,0,0
07/29/1983,113901.6406,0,0
07/30/1983,723983.625,0,0
07/31/1983,88306.55469,0,0
08/01/1983,108597.4688,0,0
08/02/1983,117072.7188,0,0
08/03/1983,134096.9063,0,0
08/04/1983,1006519.625,0,0
08/05/1983,42098.01563,0,0
08/06/1983,1295293,0,0
08/07/1983,72758.39063,0,0
08/08/1983,443795.3438,0,0
08/09/1983,304210.3125,0,0
08/10/1983,234914.3906,0,0
08/11/1983,268878.0313,0,0
08/12/1983,272591.875,0,0
08/13/1983,175290.1563,0,0
08/14/1983,193776.1563,0,0
08/15/1983,11365.625,0,0
08/16/1983,29609.93359,0,0
08/17/1983,160167.5313,0,0
08/18/1983,5301.971191,0,0
08/19/1983,435984.9375,0,0
08/20/1983,4719.062012,0,0
08/21/1983,4601759.5,0,0
08/22/1983,73961.58594,0,0
08/23/1983,372516.9375,0,0
08/24/1983,1923267.25,0,0
08/25/1983,270488.4688,0,0
08/26/1983,3577134.75,0,0
08/27/1983,2154413.25,0,0
08/28/1983,1106757.625,0,0
08/29/1983,1253786.25,0,0
08/30/1983,933836.0625,0,0
08/31/1983,442336.25,0,0
09/01/1983,535339.8125,0,0
09/02/1983,382377.4063,0,0
09/03/1983,249581.6094,0,0
09/04/1983,620818.625,0,0
09/05/1983,376271.8125,0,0
09/06/1983,352733,0,0
09/07/1983,164230.8438,0,0
09/08/1983,690955.875,0,0
09/09/1983,383385.9063,0,0
09/10/1983,127755.1953,0,0
09/11/1983,621667,0,0
09/12/1983,144381.4531,0,0
09/13/1983,349596.5,0,0
09/14/1983,50400.94141,0,0
09/15/1983,4737828,0,0
09/16/1983,74853.48438,0,0
09/17/1983,4536.081055,0,0
09/18/1983,671584.5625,0,0
09/19/1983,10457.90137,0,0
09/20/1983,44014.92188,0,0
09/21/1983,26013.91602,0,0
09/22/1983,12468.63086,0,0
09/23/1983,16812.69531,0,0
09/24/1983,16845.95117,0,0
09/25/1983,17681.7168,0,0
09/26/1983,20964.77734,0,0
09/27/1983,21500.89258,0,0
09/28/1983,21226.10156,0,0
09/29/1983,18222.38281,0,0
09/30/1983,24999.08398,0,0
10/01/1983,34573.35938,0,0
10/02/1983,44145.16797,0,0
10/03/1983,48235.12891,0,0
10/04/1983,45052.87891,0,0
10/05/1983,33397.90234,0,0
10/06/1983,24113.74609,0,0
10/07/1983,18531.80469,0,0
10/08/1983,14802.23828,0,0
10/09/1983,18057.02539,0,0
10/10/1983,21861.32422,0,0
10/11/1983,37675.42969,0,0
10/12/1983,45099.44531,0,0
10/13/1983,37917.81641,0,0
10/14/1983,25607.19922,0,0
10/15/1983,14879.77344,0,0
10/16/1983,125507.5859,0,0
10/17/1983,11536.31055,0,0
10/18/1983,29583.03516,0,0
10/19/1983,37579.42578,0,0
10/20/1983,27108.03516,0,0
10/21/1983,13277.42285,0,0
10/22/1983,3906.128662,0,0
10/23/1983,257602.9375,0,0
10/24/1983,11146.58008,0,0
10/25/1983,1119.291016,0,0
10/26/1983,71601.96094,0,0
10/27/1983,5933.063965,0,0
10/28/1983,123.6013184,0,0
10/29/1983,0,0,0
10/30/1983,0,0,0
10/31/1983,54.68374634,0,0
11/01/1983,0,0,0
11/02/1983,73.09381104,0,0
11/03/1983,298.0962524,0,0
11/04/1983,641.2261963,0,0
11/05/1983,2248.369629,0,0
11/06/1983,3533.875977,0,0
11/07/1983,3503.255371,0,0
11/08/1983,10163.58203,0,0
11/09/1983,19023.11914,0,0
11/10/1983,25606.01563,0,0
11/11/1983,29342.20313,0,0
11/12/1983,24582.98828,0,0
11/13/1983,30747.91211,0,0
11/14/1983,39432.0625,0,0
11/15/1983,37175.08203,0,0
11/16/1983,29757.99609,0,0
11/17/1983,19479.94727,0,0
11/18/1983,71320.0625,0,0
11/19/1983,92296.83594,0,0
11/20/1983,76506.53906,0,0
11/21/1983,52521.40234,0,0
11/22/1983,31830.11328,0,0
11/23/1983,20714.49219,0,0
11/24/1983,54830.47656,0,0
11/25/1983,74468.84375,0,0
11/26/1983,26505.61328,0,0
11/27/1983,11999.81348,0,0
11/28/1983,87004.9375,0,0
11/29/1983,85551.46875,0,0
11/30/1983,57769.05859,0,0
12/01/1983,31702.78711,0,0
12/02/1983,14889.2793,0,0
12/03/1983,86371.72656,0,0
12/04/1983,26726.08984,0,0
12/05/1983,15853.18359,0,0
12/06/1983,12539.39648,0,0
12/07/1983,460705.0938,0,0
12/08/1983,25689.66211,0,0
12/09/1983,116625.0391,0,0
12/10/1983,72671.74219,0,0
12/11/1983,60228.69531,0,0
12/12/1983,48747.04688,0,0
12/13/1983,43975.9375,0,0
12/14/1983,41570.35938,0,0
12/15/1983,34315.14063,0,0
12/16/1983,21591.73633,0,0
12/17/1983,176281.2813,0,0
12/18/1983,64891.42188,0,0
12/19/1983,53216.39063,0,0
12/20/1983,38375.1875,0,0
12/21/1983,20061,0,0
12/22/1983,7627.125,0,0
12/23/1983,158343.4375,0,0
12/24/1983,79588.59375,0,0
12/25/1983,61732.82813,0,0
12/26/1983,54091.60156,0,0
12/27/1983,41558.75,0,0
12/28/1983,32068.24023,0,0
12/29/1983,33201.21875,0,0
12/30/1983,32640.26172,0,0
12/31/1983,25978.80078,0,0
01/01/1984,31182.25781,0,0
01/02/1984,72901.41406,0,0
01/03/1984,109450.1094,0,0
01/04/1984,107739.7813,0,0
01/05/1984,85501,0,0
01/06/1984,77234.89844,0,0
01/07/1984,78253.89844,0,0
01/08/1984,63140.04688,0,0
01/09/1984,98885.11719,0,0
01/10/1984,106596.9688,0,0
01/11/1984,88260.3125,0,0
01/12/1984,59618.67188,0,0
01/13/1984,33189.83984,0,0
01/14/1984,694646.75,0,0
01/15/1984,144604.875,0,0
01/16/1984,97252.28125,0,0
01/17/1984,47204.01953,0,0
01/18/1984,21924.58594,0,0
01/19/1984,584889.125,0,0
01/20/1984,257146.3438,0,0
01/21/1984,49744.77344,0,0
01/22/1984,23951.01563,0,0
01/23/1984,143345.2031,0,0
01/24/1984,34715.42578,0,0
01/25/1984,21303.46289,0,0
01/26/1984,55585.5625,0,0
01/27/1984,17680.92773,0,0
01/28/1984,74129.15625,0,0
01/29/1984,15334.5957,0,0
01/30/1984,214028.25,0,0
01/31/1984,37762.59766,0,0
02/01/1984,25038.16406,0,0
02/02/1984,45523.16016,0,0
02/03/1984,49524.44531,0,0
02/04/1984,75579.25,0,0
02/05/1984,83492.70313,0,0
02/06/1984,63708.875,0,0
02/07/1984,48088.57031,0,0
02/08/1984,32264.02148,0,0
02/09/1984,61199.23438,0,0
02/10/1984,65791.28125,0,0
02/11/1984,43297.71484,0,0
02/12/1984,19787.93359,0,0
02/13/1984,453455.3125,0,0
02/14/1984,70860.10156,0,0
02/15/1984,29059.56445,0,0
02/16/1984,17576.58203,0,0
02/17/1984,13634.77539,0,0
02/18/1984,8048.223145,0,0
02/19/1984,3679.480469,0,0
02/20/1984,5786.598633,0,0
02/21/1984,10690.74902,0,0
02/22/1984,11862.35156,0,0
02/23/1984,8542.185547,0,0
02/24/1984,7639.343262,0,0
02/25/1984,6709.082031,0,0
02/26/1984,6832.701172,0,0
02/27/1984,5370.14209,0,0
02/28/1984,14856.03516,0,0
02/29/1984,25949.79297,0,0
03/01/1984,29311.44141,0,0
03/02/1984,26371.77539,0,0
03/03/1984,20696.98828,0,0
03/04/1984,14573.30371,0,0
03/05/1984,9630.30957,0,0
03/06/1984,120200.5703,0,0
03/07/1984,94035,0,0
03/08/1984,46253.91406,0,0
03/09/1984,55008.70703,0,0
03/10/1984,49583.83594,0,0
03/11/1984,26954.19922,0,0
03/12/1984,16482.02539,0,0
03/13/1984,39077.03125,0,0
03/14/1984,14303.58105,0,0
03/15/1984,178167.2344,0,0
03/16/1984,55224.51953,0,0
03/17/1984,32947.39063,0,0
03/18/1984,25835.35547,0,0
03/19/1984,16812.58789,0,0
03/20/1984,11364.16309,0,0
03/21/1984,1061855.625,0,0
03/22/1984,234284.1406,0,0
03/23/1984,219769.9219,0,0
03/24/1984,156545.375,0,0
03/25/1984,113791.2188,0,0
03/26/1984,72582.86719,0,0
03/27/1984,70200.41406,0,0
03/28/1984,62736.17578,0,0
03/29/1984,40304.58984,0,0
03/30/1984,19497.39063,0,0
03/31/1984,294616.8438,0,0
04/01/1984,89525.00781,0,0
04/02/1984,36796.28906,0,0
04/03/1984,24043.6543,0,0
04/04/1984,21307.33008,0,0
04/05/1984,44949.37891,0,0
04/06/1984,18213.08203,0,0
04/07/1984,11133.5127,0,0
04/08/1984,110472.7422,0,0
04/09/1984,33725.67188,0,0
04/10/1984,30520.94531,0,0
04/11/1984,19607.22852,0,0
04/12/1984,9038.617188,0,0
04/13/1984,102980.8047,0,0
04/14/1984,144434.9688,0,0
04/15/1984,121935.375,0,0
04/16/1984,75269.89063,0,0
04/17/1984,35187.51172,0,0
04/18/1984,81049.10156,0,0
04/19/1984,62069.06641,0,0
04/20/1984,70314.47656,0,0
04/21/1984,40205.24609,0,0
04/22/1984,15629.63281,0,0
04/23/1984,283818.8125,0,0
04/24/1984,22769.17773,0,0
04/25/1984,5104.666504,0,0
04/26/1984,244353.6094,0,0
04/27/1984,11270.44336,0,0
04/28/1984,16175.33105,0,0
04/29/1984,21491.1543,0,0
04/30/1984,23670.13086,0,0
05/01/1984,19684.29102,0,0
05/02/1984,96407,0,0
05/03/1984,4241.269531,0,0
05/04/1984,242709.6406,0,0
05/05/1984,368635.5,0,0
05/06/1984,383045.0625,0,0
05/07/1984,308012.6563,0,0
05/08/1984,208257.75,0,0
05/09/1984,116386.7813,0,0
05/10/1984,68305.96875,0,0
05/11/1984,41503.33594,0,0
05/12/1984,232199.5469,0,0
05/13/1984,104502.7813,0,0
05/14/1984,42679.82813,0,0
05/15/1984,21042.90039,0,0
05/16/1984,130066.25,0,0
05/17/1984,88083.01563,0,0
05/18/1984,35595.40234,0,0
05/19/1984,12103.29492,0,0
05/20/1984,162709.6406,0,0
05/21/1984,64060.11719,0,0
05/22/1984,18017.55469,0,0
05/23/1984,11307.42578,0,0
05/24/1984,16985.33789,0,0
05/25/1984,18210.67383,0,0
05/26/1984,11256.40039,0,0
05/27/1984,6651.137695,0,0
05/28/1984,5695.765137,0,0
05/29/1984,23980.38281,0,0
05/30/1984,1992.705811,0,0
05/31/1984,512223,0,0
06/01/1984,172496.2188,0,0
06/02/1984,161998.125,0,0
06/03/1984,120775.1328,0,0
06/04/1984,77778.03906,0,0
06/05/1984,132656.9844,0,0
06/06/1984,44675.01172,0,0
06/07/1984,414933.4063,0,0
06/08/1984,499909.9688,0,0
06/09/1984,445769.7188,0,0
06/10/1984,353848.2813,0,0
06/11/1984,294922.5625,0,0
06/12/1984,247152.3438,0,0
06/13/1984,196860.4688,0,0
06/14/1984,136657.5625,0,0
06/15/1984,118575.1484,0,0
06/16/1984,318959.8125,0,0
06/17/1984,12649.93066,0,0
06/18/1984,5825952,0,0
06/19/1984,1520665.625,0,0
06/20/1984,244483.5156,0,0
06/21/1984,55609.10547,0,0
06/22/1984,1739657.5,0,0
06/23/1984,114925.1172,0,0
06/24/1984,63742.53906,0,0
06/25/1984,38253.94531,0,0
06/26/1984,22377.10156,0,0
06/27/1984,19447.28125,0,0
06/28/1984,54420.30078,0,0
06/29/1984,12144.7959,0,0
06/30/1984,135645.125,0,0
07/01/1984,12720.06445,0,0
07/02/1984,27442.93164,0,0
07/03/1984,29024.49414,0,0
07/04/1984,118913.1563,0,0
07/05/1984,0,0,0
07/06/1984,74272.46094,0,0
07/07/1984,59983.54297,0,0
07/08/1984,42806.87109,0,0
07/09/1984,29189.01953,0,0
07/10/1984,33820.37109,0,0
07/11/1984,187125.2813,0,0
07/12/1984,0,0,0
07/13/1984,208981.4844,0,0
07/14/1984,239166.8281,0,0
07/15/1984,290031.2813,0,0
07/16/1984,86574.82031,0,0
07/17/1984,59289.46875,0,0
07/18/1984,39501.14453,0,0
07/19/1984,28553.89063,0,0
07/20/1984,27051.38867,0,0
07/21/1984,33724.35938,0,0
07/22/1984,437593.9063,0,0
07/23/1984,268021,0,0
07/24/1984,244607.6563,0,0
07/25/1984,208566.3281,0,0
07/26/1984,384892.8438,0,0
07/27/1984,66550.60156,0,0
07/28/1984,230393.9219,0,0
07/29/1984,383024.375,0,0
07/30/1984,347656.9375,0,0
07/31/1984,196869,0,0
08/01/1984,1778372.125,0,0
08/02/1984,0,0,0
08/03/1984,4502398,0,0
08/04/1984,1844084.75,0,0
08/05/1984,1032209.563,0,0
08/06/1984,908976.75,0,0
08/07/1984,712748.0625,0,0
08/08/1984,546995.25,0,0
08/09/1984,946557.6875,0,0
08/10/1984,29304.05469,0,0
08/11/1984,743595.5625,0,0
08/12/1984,977956.625,0,0
08/13/1984,448240.75,0,0
08/14/1984,246815.2656,0,0
08/15/1984,136286.75,0,0
08/16/1984,194092.0156,0,0
08/17/1984,163020.9063,0,0
08/18/1984,177111.7813,0,0
08/19/1984,184426.8594,0,0
08/20/1984,45.70791626,0,0
08/21/1984,49125.25781,0,0
08/22/1984,58873.57031,0,0
08/23/1984,57081.17969,0,0
08/24/1984,51432.17578,0,0
08/25/1984,33608.56641,0,0
08/26/1984,24837.23828,0,0
08/27/1984,16363.48633,0,0
08/28/1984,11509.51172,0,0
08/29/1984,8517.624023,0,0
08/30/1984,5872.351563,0,0
08/31/1984,4400.745117,0,0
09/01/1984,7905.325195,0,0
09/02/1984,3808.095947,0,0
09/03/1984,290039.9063,0,0
09/04/1984,7614.086914,0,0
09/05/1984,309511.125,0,0
09/06/1984,350894.3438,0,0
09/07/1984,241540.5156,0,0
09/08/1984,566488.5,0,0
09/09/1984,40434.90625,0,0
09/10/1984,302334.4063,0,0
09/11/1984,314588.9375,0,0
09/12/1984,70997.8125,0,0
09/13/1984,450658.9063,0,0
09/14/1984,206578,0,0
09/15/1984,98787.80469,0,0
09/16/1984,120766.4844,0,0
09/17/1984,147576.5,0,0
09/18/1984,137030.2656,0,0
09/19/1984,104215.4609,0,0
09/20/1984,71839.57813,0,0
09/21/1984,57191.08594,0,0
09/22/1984,34015.94922,0,0
09/23/1984,29520.54883,0,0
09/24/1984,22789.20508,0,0
09/25/1984,170837.3438,0,0
09/26/1984,88493.82813,0,0
09/27/1984,0,0,0
09/28/1984,122619.8203,0,0
09/29/1984,142952.125,0,0
09/30/1984,93707.5,0,0
10/01/1984,49284.21875,0,0
10/02/1984,28190.25391,0,0
10/03/1984,24238.27148,0,0
10/04/1984,26935.10547,0,0
10/05/1984,27291.30078,0,0
10/06/1984,26887.85742,0,0
10/07/1984,24011.99805,0,0
10/08/1984,27690.875,0,0
10/09/1984,43172.44141,0,0
10/10/1984,51454.73438,0,0
10/11/1984,70592.375,0,0
10/12/1984,77554.99219,0,0
10/13/1984,78449.17188,0,0
10/14/1984,76575.57813,0,0
10/15/1984,70687.20313,0,0
10/16/1984,61228.57813,0,0
10/17/1984,51053.23047,0,0
10/18/1984,42066.11719,0,0
10/19/1984,38666.04297,0,0
10/20/1984,41016.29688,0,0
10/21/1984,46830.83594,0,0
10/22/1984,55517.78516,0,0
10/23/1984,59672.27344,0,0
10/24/1984,54808.20313,0,0
10/25/1984,79870.94531,0,0
10/26/1984,134048.7656,0,0
10/27/1984,169663.3906,0,0
10/28/1984,157937.4531,0,0
10/29/1984,112457.4609,0,0
10/30/1984,63286.27734,0,0
10/31/1984,26720.32031,0,0
11/01/1984,375236.75,0,0
11/02/1984,60059.5,0,0
11/03/1984,25935.59375,0,0
11/04/1984,12919.31641,0,0
11/05/1984,5110.08252,0,0
11/06/1984,1480.745605,0,0
11/07/1984,685.1365356,0,0
11/08/1984,394.41745,0,0
11/09/1984,0,0,0
11/10/1984,0,0,0
11/11/1984,0,0,0
11/12/1984,0,0,0
11/13/1984,0,0,0
11/14/1984,0,0,0
11/15/1984,294.8962402,0,0
11/16/1984,828.6925049,0,0
11/17/1984,329.4770203,0,0
11/18/1984,0,0,0
11/19/1984,16331.43359,0,0
11/20/1984,21376.11328,0,0
11/21/1984,24654.26172,0,0
11/22/1984,24180.89453,0,0
11/23/1984,19365.99805,0,0
11/24/1984,14620.30371,0,0
11/25/1984,10931.61328,0,0
11/26/1984,8184.487305,0,0
11/27/1984,5336.055664,0,0
11/28/1984,18352.7832,0,0
11/29/1984,38160.5625,0,0
11/30/1984,51882.11719,0,0
12/01/1984,51723.10938,0,0
12/02/1984,39694.78906,0,0
12/03/1984,24864.17383,0,0
12/04/1984,25305.51953,0,0
12/05/1984,32395.5332,0,0
12/06/1984,27958.25391,0,0
12/07/1984,19700.20117,0,0
12/08/1984,9868.025391,0,0
12/09/1984,234655.125,0,0
12/10/1984,266505.7188,0,0
12/11/1984,188152.4375,0,0
12/12/1984,104445,0,0
12/13/1984,49347.625,0,0
12/14/1984,21075.14648,0,0
12/15/1984,8189.254883,0,0
12/16/1984,2576.608398,0,0
12/17/1984,0,0,0
12/18/1984,0,0,0
12/19/1984,13230.58203,0,0
12/20/1984,15062.62012,0,0
12/21/1984,15506.27539,0,0
12/22/1984,12886.3252,0,0
12/23/1984,9522.223633,0,0
12/24/1984,5732.950195,0,0
12/25/1984,1944.553955,0,0
12/26/1984,0,0,0
12/27/1984,14593.75977,0,0
12/28/1984,2314.494873,0,0
12/29/1984,14146.00391,0,0
12/30/1984,28583.16016,0,0
12/31/1984,35521.75391,0,0
01/01/1985,31282.79297,0,0
01/02/1985,27699.28711,0,0
01/03/1985,28506.99805,0,0
01/04/1985,28436.57617,0,0
01/05/1985,25571.10938,0,0
01/06/1985,17860.26172,0,0
01/07/1985,9987.443359,0,0
01/08/1985,46840.55078,0,0
01/09/1985,75293.71875,0,0
01/10/1985,89126.13281,0,0
01/11/1985,92294.52344,0,0
01/12/1985,82631.57813,0,0
01/13/1985,64243.83984,0,0
01/14/1985,44225.44141,0,0
01/15/1985,26584.66797,0,0
01/16/1985,24503.47266,0,0
01/17/1985,22640.45508,0,0
01/18/1985,17214.52148,0,0
01/19/1985,76943.25781,0,0
01/20/1985,13837.76953,0,0
01/21/1985,14600.30664,0,0
01/22/1985,12298.86133,0,0
01/23/1985,16084.64453,0,0
01/24/1985,24817.41992,0,0
01/25/1985,26565.01172,0,0
01/26/1985,20486.60938,0,0
01/27/1985,15081.56543,0,0
01/28/1985,22723.25195,0,0
01/29/1985,31939.57813,0,0
01/30/1985,35756.42188,0,0
01/31/1985,32503.13281,0,0
02/01/1985,23697.68359,0,0
02/02/1985,14580.46094,0,0
02/03/1985,38291.58594,0,0
02/04/1985,41835.52344,0,0
02/05/1985,26161.38867,0,0
02/06/1985,74572.48438,0,0
02/07/1985,49905.58594,0,0
02/08/1985,146827.7969,0,0
02/09/1985,85388.73438,0,0
02/10/1985,33569.66406,0,0
02/11/1985,75377.66406,0,0
02/12/1985,85915.52344,0,0
02/13/1985,35951.85156,0,0
02/14/1985,10324.18848,0,0
02/15/1985,944894.0625,0,0
02/16/1985,69562.91406,0,0
02/17/1985,41331.57422,0,0
02/18/1985,22832.65625,0,0
02/19/1985,25927.90039,0,0
02/20/1985,9232.104492,0,0
02/21/1985,102699.4922,0,0
02/22/1985,50589.57422,0,0
02/23/1985,32491.77344,0,0
02/24/1985,25918.78711,0,0
02/25/1985,20488.74023,0,0
02/26/1985,16218.63672,0,0
02/27/1985,15723.63281,0,0
02/28/1985,17125.7207,0,0
03/01/1985,14868.77539,0,0
03/02/1985,27423.79688,0,0
03/03/1985,47277.17188,0,0
03/04/1985,52949.26953,0,0
03/05/1985,58435.88281,0,0
03/06/1985,63265.02344,0,0
03/07/1985,58084.35156,0,0
03/08/1985,41625.82031,0,0
03/09/1985,76818.89063,0,0
03/10/1985,103145.9453,0,0
03/11/1985,87940.875,0,0
03/12/1985,55347.98828,0,0
03/13/1985,29739.95313,0,0
03/14/1985,13249.65332,0,0
03/15/1985,39077.07031,0,0
03/16/1985,39882.64453,0,0
03/17/1985,34421.19141,0,0
03/18/1985,30150.6582,0,0
03/19/1985,24877.08203,0,0
03/20/1985,18070.91211,0,0
03/21/1985,11932.0332,0,0
03/22/1985,6672.62793,0,0
03/23/1985,18353.41016,0,0
03/24/1985,23590.86914,0,0
03/25/1985,19287.64844,0,0
03/26/1985,11594.39941,0,0
03/27/1985,5465.068359,0,0
03/28/1985,3824.502197,0,0
03/29/1985,7871.848145,0,0
03/30/1985,9368.379883,0,0
03/31/1985,7518.677734,0,0
04/01/1985,4161.847168,0,0
04/02/1985,21843.06445,0,0
04/03/1985,25401.7168,0,0
04/04/1985,22905.51367,0,0
04/05/1985,19767.11523,0,0
04/06/1985,14658.75586,0,0
04/07/1985,9192.282227,0,0
04/08/1985,5752.907227,0,0
04/09/1985,3491.553223,0,0
04/10/1985,3440.62793,0,0
04/11/1985,16028.42969,0,0
04/12/1985,21427.02344,0,0
04/13/1985,21572.39258,0,0
04/14/1985,19858.71289,0,0
04/15/1985,16645.08789,0,0
04/16/1985,11831.31543,0,0
04/17/1985,16570.63672,0,0
04/18/1985,12097.66406,0,0
04/19/1985,39796.14063,0,0
04/20/1985,42445.79297,0,0
04/21/1985,26138.8457,0,0
04/22/1985,10284.31934,0,0
04/23/1985,180425.6875,0,0
04/24/1985,115228.6953,0,0
04/25/1985,49633.29297,0,0
04/26/1985,18130.94922,0,0
04/27/1985,31380.5918,0,0
04/28/1985,14015.04102,0,0
04/29/1985,262142.0938,0,0
04/30/1985,287342.375,0,0
05/01/1985,257544.5938,0,0
05/02/1985,201581.7969,0,0
05/03/1985,113205.2344,0,0
05/04/1985,83504.04688,0,0
05/05/1985,55680.92969,0,0
05/06/1985,69398.45313,0,0
05/07/1985,55811.03516,0,0
05/08/1985,186278.0625,0,0
05/09/1985,167594.4844,0,0
05/10/1985,93095.21094,0,0
05/11/1985,76190.85156,0,0
05/12/1985,50327.04297,0,0
05/13/1985,24364.96094,0,0
05/14/1985,879962.5,0,0
05/15/1985,143315.9219,0,0
05/16/1985,86916.39063,0,0
05/17/1985,48210.46484,0,0
05/18/1985,60782.80859,0,0
05/19/1985,136688.6406,0,0
05/20/1985,67045.20313,0,0
05/21/1985,30003.60938,0,0
05/22/1985,209907.3438,0,0
05/23/1985,8377.697266,0,0
05/24/1985,4382.829102,0,0
05/25/1985,8812.777344,0,0
05/26/1985,93497.33594,0,0
05/27/1985,40777.01953,0,0
05/28/1985,92033.35156,0,0
05/29/1985,28952.38867,0,0
05/30/1985,28654.75977,0,0
05/31/1985,305669.5625,0,0
06/01/1985,66293.57031,0,0
06/02/1985,243988.625,0,0
06/03/1985,176970.6406,0,0
06/04/1985,84612.4375,0,0
06/05/1985,77962.07031,0,0
06/06/1985,70937.48438,0,0
06/07/1985,59692.94141,0,0
06/08/1985,47631.78125,0,0
06/09/1985,36022.76172,0,0
06/10/1985,64430.65625,0,0
06/11/1985,40583.65234,0,0
06/12/1985,48400.12109,0,0
06/13/1985,45470.55469,0,0
06/14/1985,56359.37891,0,0
06/15/1985,36929,0,0
06/16/1985,960754.3125,0,0
06/17/1985,43814.22656,0,0
06/18/1985,1124290.375,0,0
06/19/1985,861763.8125,0,0
06/20/1985,706294.5625,0,0
06/21/1985,1698035.875,0,0
06/22/1985,153702.6719,0,0
06/23/1985,589707.1875,0,0
06/24/1985,54489.67188,0,0
06/25/1985,1008094.75,0,0
06/26/1985,113661.6563,0,0
06/27/1985,71210.21094,0,0
06/28/1985,861358.1875,0,0
06/29/1985,16558.95898,0,0
06/30/1985,876566.5,0,0
07/01/1985,1476623.25,0,0
07/02/1985,389.0335693,0,0
07/03/1985,2006.431641,0,0
07/04/1985,8215.838867,0,0
07/05/1985,168066.4375,0,0
07/06/1985,85229.02344,0,0
07/07/1985,22663.86719,0,0
07/08/1985,65746.45313,0,0
07/09/1985,12373.41211,0,0
07/10/1985,69560.13281,0,0
07/11/1985,148851.4531,0,0
07/12/1985,210876.6719,0,0
07/13/1985,157369.7969,0,0
07/14/1985,567591.625,0,0
07/15/1985,32913.73438,0,0
07/16/1985,48589.78516,0,0
07/17/1985,134231.4219,0,0
07/18/1985,33885.17969,0,0
07/19/1985,103805.5859,0,0
07/20/1985,97982.32031,0,0
07/21/1985,155077.2813,0,0
07/22/1985,99629.64063,0,0
07/23/1985,23242.6875,0,0
07/24/1985,138953.4531,0,0
07/25/1985,121252.2891,0,0
07/26/1985,71427.89063,0,0
07/27/1985,280817.7813,0,0
07/28/1985,392074.7813,0,0
07/29/1985,551436,0,0
07/30/1985,0,0,0
07/31/1985,682548.3125,0,0
08/01/1985,358190.3125,0,0
08/02/1985,62852.51563,0,0
08/03/1985,400972.8125,0,0
08/04/1985,255387.9375,0,0
08/05/1985,448264.4688,0,0
08/06/1985,5017837,0,0
08/07/1985,0,0,0
08/08/1985,3259110.25,0,0
08/09/1985,1135928.25,0,0
08/10/1985,1030132.438,0,0
08/11/1985,41293.12891,0,0
08/12/1985,842605.75,0,0
08/13/1985,225572.4063,0,0
08/14/1985,2205712.5,0,0
08/15/1985,65990.25,0,0
08/16/1985,5179568.5,0,0
08/17/1985,571455.25,0,0
08/18/1985,2631971.75,0,0
08/19/1985,928467.25,0,0
08/20/1985,480932.9375,0,0
08/21/1985,241021.5313,0,0
08/22/1985,1363249.5,0,0
08/23/1985,845316.625,0,0
08/24/1985,342037,0,0
08/25/1985,112885.5156,0,0
08/26/1985,2574696.75,0,0
08/27/1985,527397.6875,0,0
08/28/1985,884609.3125,0,0
08/29/1985,214364.7031,0,0
08/30/1985,333745.9688,0,0
08/31/1985,121370.4063,0,0
09/01/1985,79331.64063,0,0
09/02/1985,1020866.188,0,0
09/03/1985,77214.57813,0,0
09/04/1985,781317,0,0
09/05/1985,492072.4063,0,0
09/06/1985,50889.74219,0,0
09/07/1985,1779261,0,0
09/08/1985,42696.47266,0,0
09/09/1985,432492.9375,0,0
09/10/1985,26600.79883,0,0
09/11/1985,72912.90625,0,0
09/12/1985,95254.625,0,0
09/13/1985,0,0,0
09/14/1985,472501.0938,0,0
09/15/1985,26538.82617,0,0
09/16/1985,188244.4531,0,0
09/17/1985,9696.688477,0,0
09/18/1985,529455.6875,0,0
09/19/1985,15198.9541,0,0
09/20/1985,295189.2188,0,0
09/21/1985,6481.149414,0,0
09/22/1985,119885.4375,0,0
09/23/1985,54329.13672,0,0
09/24/1985,17792.3457,0,0
09/25/1985,182634.6875,0,0
09/26/1985,151031.5,0,0
09/27/1985,15063.625,0,0
09/28/1985,145447.2188,0,0
09/29/1985,21850.04688,0,0
09/30/1985,266977.25,0,0
10/01/1985,2578.282715,0,0
10/02/1985,65163.72656,0,0
10/03/1985,57607.08203,0,0
10/04/1985,34664.02344,0,0
10/05/1985,26835.91016,0,0
10/06/1985,26216.51367,0,0
10/07/1985,18282.68359,0,0
10/08/1985,9917.860352,0,0
10/09/1985,5376.107422,0,0
10/10/1985,6504.793457,0,0
10/11/1985,5788.661133,0,0
10/12/1985,9188.176758,0,0
10/13/1985,9021.223633,0,0
10/14/1985,8484.466797,0,0
10/15/1985,8244.013672,0,0
10/16/1985,7608.162598,0,0
10/17/1985,6349.855469,0,0
10/18/1985,8527.834961,0,0
10/19/1985,7085.725098,0,0
10/20/1985,6766.53418,0,0
10/21/1985,7570.990723,0,0
10/22/1985,7970.090332,0,0
10/23/1985,6620.832031,0,0
10/24/1985,23326.62305,0,0
10/25/1985,27713.125,0,0
10/26/1985,25507.36719,0,0
10/27/1985,21085.39258,0,0
10/28/1985,16379.82813,0,0
10/29/1985,12067.4502,0,0
10/30/1985,6989.021484,0,0
10/31/1985,50381.34766,0,0
11/01/1985,22599.79688,0,0
11/02/1985,8794.016602,0,0
11/03/1985,35442.58203,0,0
11/04/1985,16454.37305,0,0
11/05/1985,16886.27344,0,0
11/06/1985,7633.907227,0,0
11/07/1985,3026.803223,0,0
11/08/1985,8577.37793,0,0
11/09/1985,14979.20313,0,0
11/10/1985,22906.8418,0,0
11/11/1985,25261.0918,0,0
11/12/1985,21290.31836,0,0
11/13/1985,15094.50977,0,0
11/14/1985,9597.355469,0,0
11/15/1985,5337.879883,0,0
11/16/1985,40721.21875,0,0
11/17/1985,38412.75,0,0
11/18/1985,31768.68359,0,0
11/19/1985,24013.14844,0,0
11/20/1985,15962.70801,0,0
11/21/1985,8037.898438,0,0
11/22/1985,55587.82422,0,0
11/23/1985,42725.42969,0,0
11/24/1985,32727.95703,0,0
11/25/1985,23358.34766,0,0
11/26/1985,13683.44238,0,0
11/27/1985,17337.65234,0,0
11/28/1985,23670.61719,0,0
11/29/1985,24460.7793,0,0
11/30/1985,18575.71094,0,0
12/01/1985,10763.73047,0,0
12/02/1985,6355.79248,0,0
12/03/1985,17427.63281,0,0
12/04/1985,8027.867676,0,0
12/05/1985,6704.456543,0,0
12/06/1985,6218.821289,0,0
12/07/1985,6944.28418,0,0
12/08/1985,10972.28809,0,0
12/09/1985,16435.46875,0,0
12/10/1985,19288.47266,0,0
12/11/1985,19416.25,0,0
12/12/1985,18655.97852,0,0
12/13/1985,17640.57227,0,0
12/14/1985,14934.03516,0,0
12/15/1985,12887.1377,0,0
12/16/1985,10053.61133,0,0
12/17/1985,33187.38672,0,0
12/18/1985,28523.68945,0,0
12/19/1985,18239.63477,0,0
12/20/1985,43056.95313,0,0
12/21/1985,45551.44922,0,0
12/22/1985,29979.03906,0,0
12/23/1985,10948.75684,0,0
12/24/1985,277156.2188,0,0
12/25/1985,45739.95703,0,0
12/26/1985,29368.81641,0,0
12/27/1985,14661.4375,0,0
12/28/1985,80696.8125,0,0
12/29/1985,34530.54688,0,0
12/30/1985,21295.89063,0,0
12/31/1985,12486.23828,0,0
01/01/1986,54633.86328,0,0
01/02/1986,7940.997559,0,0
01/03/1986,24420.95117,0,0
01/04/1986,18582.54688,0,0
01/05/1986,3062.819336,0,0
01/06/1986,501448.25,0,0
01/07/1986,38888.67188,0,0
01/08/1986,7854.566895,0,0
01/09/1986,337.7454834,0,0
01/10/1986,30128.70117,0,0
01/11/1986,5060.517578,0,0
01/12/1986,4221.354492,0,0
01/13/1986,5192.299805,0,0
01/14/1986,4663.013184,0,0
01/15/1986,8538.81543,0,0
01/16/1986,14010.16504,0,0
01/17/1986,13039.35547,0,0
01/18/1986,112944.9922,0,0
01/19/1986,210284.875,0,0
01/20/1986,204739.8125,0,0
01/21/1986,151550.5469,0,0
01/22/1986,97629.39063,0,0
01/23/1986,55727.80469,0,0
01/24/1986,138757.5625,0,0
01/25/1986,145290.625,0,0
01/26/1986,97856.75,0,0
01/27/1986,37783.125,0,0
01/28/1986,170325.6406,0,0
01/29/1986,105586.8828,0,0
01/30/1986,46246.03125,0,0
01/31/1986,19031.42969,0,0
02/01/1986,349691.875,0,0
02/02/1986,12264.15332,0,0
02/03/1986,81416.61719,0,0
02/04/1986,21752.35547,0,0
02/05/1986,17230.42578,0,0
02/06/1986,14112.93652,0,0
02/07/1986,9604.517578,0,0
02/08/1986,35686.10938,0,0
02/09/1986,16456.84766,0,0
02/10/1986,27588.12305,0,0
02/11/1986,37642.23828,0,0
02/12/1986,35212.53906,0,0
02/13/1986,24118.44922,0,0
02/14/1986,12844.63086,0,0
02/15/1986,6853.79248,0,0
02/16/1986,37880.03516,0,0
02/17/1986,9136.064453,0,0
02/18/1986,15323.2998,0,0
02/19/1986,7562.060547,0,0
02/20/1986,3396.88501,0,0
02/21/1986,44849.54688,0,0
02/22/1986,5287.217285,0,0
02/23/1986,23596.875,0,0
02/24/1986,7547.859375,0,0
02/25/1986,8115.40332,0,0
02/26/1986,14451.78613,0,0
02/27/1986,22781.10352,0,0
02/28/1986,21855.75586,0,0
03/01/1986,13152.94336,0,0
03/02/1986,3567.488525,0,0
03/03/1986,56850.125,0,0
03/04/1986,20631.18945,0,0
03/05/1986,4654.978516,0,0
03/06/1986,46718.44141,0,0
03/07/1986,19734.44531,0,0
03/08/1986,11257.3584,0,0
03/09/1986,15686.60156,0,0
03/10/1986,23007.55469,0,0
03/11/1986,25117.29688,0,0
03/12/1986,21344.25391,0,0
03/13/1986,13282.29883,0,0
03/14/1986,42679.27344,0,0
03/15/1986,92547.71875,0,0
03/16/1986,118922,0,0
03/17/1986,107647.2969,0,0
03/18/1986,74633.125,0,0
03/19/1986,45468.64063,0,0
03/20/1986,70404.89063,0,0
03/21/1986,78234.00781,0,0
03/22/1986,60131.41797,0,0
03/23/1986,138732.8281,0,0
03/24/1986,159202.7969,0,0
03/25/1986,114722.8438,0,0
03/26/1986,91332.64844,0,0
03/27/1986,70589.29688,0,0
03/28/1986,37408.45313,0,0
03/29/1986,1462133.875,0,0
03/30/1986,946871.875,0,0
03/31/1986,538393.875,0,0
04/01/1986,251739.25,0,0
04/02/1986,163984.7344,0,0
04/03/1986,105835.8047,0,0
04/04/1986,212825.8906,0,0
04/05/1986,408524,0,0
04/06/1986,148045.7344,0,0
04/07/1986,2600091.5,0,0
04/08/1986,784660.75,0,0
04/09/1986,475009.4375,0,0
04/10/1986,121177.6406,0,0
04/11/1986,23090.91992,0,0
04/12/1986,299516,0,0
04/13/1986,27199.97656,0,0
04/14/1986,1648.555908,0,0
04/15/1986,0,0,0
04/16/1986,0,0,0
04/17/1986,0,0,0
04/18/1986,0,0,0
04/19/1986,0,0,0
04/20/1986,0,0,0
04/21/1986,0,0,0
04/22/1986,0,0,0
04/23/1986,0,0,0
04/24/1986,0,0,0
04/25/1986,0,0,0
04/26/1986,0,0,0
04/27/1986,0,0,0
04/28/1986,0,0,0
04/29/1986,0,0,0
04/30/1986,0,0,0
05/01/1986,0,0,0
05/02/1986,0,0,0
05/03/1986,0,0,0
05/04/1986,0,0,0
05/05/1986,0,0,0
05/06/1986,0,0,0
05/07/1986,0,0,0
05/08/1986,0,0,0
05/09/1986,0,0,0
05/10/1986,0,0,0
05/11/1986,0,0,0
05/12/1986,0,0,0
05/13/1986,0,0,0
05/14/1986,0,0,0
05/15/1986,0,0,0
05/16/1986,0,0,0
05/17/1986,0,0,0
05/18/1986,0,0,0
05/19/1986,0,0,0
05/20/1986,0,0,0
05/21/1986,0,0,0
05/22/1986,0,0,0
05/23/1986,0,0,0
05/24/1986,0,0,0
05/25/1986,0,0,0
05/26/1986,0,0,0
05/27/1986,0,0,0
05/28/1986,1178.399536,0,0
05/29/1986,0,0,0
05/30/1986,482.6404419,0,0
05/31/1986,618.5926514,0,0
06/01/1986,0,0,0
06/02/1986,0,0,0
06/03/1986,1205.985229,0,0
06/04/1986,1514.039917,0,0
06/05/1986,0,0,0
06/06/1986,155.306427,0,0
06/07/1986,210.0894775,0,0
06/08/1986,3295.37207,0,0
06/09/1986,0,0,0
06/10/1986,54875.82031,0,0
06/11/1986,10257.85254,0,0
06/12/1986,87498.95313,0,0
06/13/1986,159274.4063,0,0
06/14/1986,262857.6875,0,0
06/15/1986,326718.5625,0,0
06/16/1986,328179.875,0,0
06/17/1986,287424.5,0,0
06/18/1986,785828.1875,0,0
06/19/1986,22678.04297,0,0
06/20/1986,213951.1563,0,0
06/21/1986,0,0,0
06/22/1986,19973.03906,0,0
06/23/1986,32367.43945,0,0
06/24/1986,186521.9531,0,0
06/25/1986,20978.61328,0,0
06/26/1986,91662.72656,0,0
06/27/1986,47907.69531,0,0
06/28/1986,58218.99609,0,0
06/29/1986,543539.75,0,0
06/30/1986,89598.63281,0,0
07/01/1986,30958.37891,0,0
07/02/1986,331872.125,0,0
07/03/1986,15468.70117,0,0
07/04/1986,1308843,0,0
07/05/1986,5344.054688,0,0
07/06/1986,380149.5625,0,0
07/07/1986,541057.1875,0,0
07/08/1986,112500.7422,0,0
07/09/1986,24785.98438,0,0
07/10/1986,79908.67969,0,0
07/11/1986,519397.9063,0,0
07/12/1986,1015.334351,0,0
07/13/1986,895323.5625,0,0
07/14/1986,5582.744141,0,0
07/15/1986,103487.8125,0,0
07/16/1986,21600.17188,0,0
07/17/1986,69068.40625,0,0
07/18/1986,250398.7031,0,0
07/19/1986,46331.94141,0,0
07/20/1986,27998.26367,0,0
07/21/1986,1299130.375,0,0
07/22/1986,36349.21094,0,0
07/23/1986,6975992,0,0
07/24/1986,305971.875,0,0
07/25/1986,504309.6563,0,0
07/26/1986,2047022.5,0,0
07/27/1986,1035945,0,0
07/28/1986,542572.625,0,0
07/29/1986,320410.2188,0,0
07/30/1986,145414.1719,0,0
07/31/1986,537999.3125,0,0
08/01/1986,372133.5938,0,0
08/02/1986,607603.1875,0,0
08/03/1986,654382.5,0,0
08/04/1986,441102.9375,0,0
08/05/1986,275159.1875,0,0
08/06/1986,310397.9375,0,0
08/07/1986,201257.1875,0,0
08/08/1986,417484.5313,0,0
08/09/1986,541752.25,0,0
08/10/1986,312843.9063,0,0
08/11/1986,1349427,0,0
08/12/1986,1447003.75,0,0
08/13/1986,821592.6875,0,0
08/14/1986,399102.4063,0,0
08/15/1986,343177.6563,0,0
08/16/1986,242944.75,0,0
08/17/1986,1134049.125,0,0
08/18/1986,1269249.125,0,0
08/19/1986,855358.3125,0,0
08/20/1986,1045081.25,0,0
08/21/1986,1194214.125,0,0
08/22/1986,1266554.5,0,0
08/23/1986,939672.625,0,0
08/24/1986,1853484.625,0,0
08/25/1986,2136538.5,0,0
08/26/1986,1760631,0,0
08/27/1986,1258864.25,0,0
08/28/1986,862747.5,0,0
08/29/1986,525895.25,0,0
08/30/1986,338316.8438,0,0
08/31/1986,277381.1875,0,0
09/01/1986,207777.0313,0,0
09/02/1986,1328171.625,0,0
09/03/1986,1550215,0,0
09/04/1986,1033094.5,0,0
09/05/1986,607876.4375,0,0
09/06/1986,334875.125,0,0
09/07/1986,162651.4063,0,0
09/08/1986,87587.02344,0,0
09/09/1986,1570530,0,0
09/10/1986,206008.0469,0,0
09/11/1986,202963.0625,0,0
09/12/1986,111751.3828,0,0
09/13/1986,39824.89453,0,0
09/14/1986,4188936.75,0,0
09/15/1986,148143.1719,0,0
09/16/1986,144213.0313,0,0
09/17/1986,152427.8438,0,0
09/18/1986,126095.3359,0,0
09/19/1986,31845.2207,0,0
09/20/1986,3502409,0,0
09/21/1986,30268.04102,0,0
09/22/1986,830981.375,0,0
09/23/1986,535646.4375,0,0
09/24/1986,606.9182129,0,0
09/25/1986,1535094.5,0,0
09/26/1986,6186.833008,0,0
09/27/1986,679881.375,0,0
09/28/1986,32014.98438,0,0
09/29/1986,222388.0313,0,0
09/30/1986,36715.92969,0,0
10/01/1986,139466.2656,0,0
10/02/1986,44522.83203,0,0
10/03/1986,89725.8125,0,0
10/04/1986,72815.33594,0,0
10/05/1986,39059.58203,0,0
10/06/1986,18521.83398,0,0
10/07/1986,66268.35938,0,0
10/08/1986,90450.96094,0,0
10/09/1986,107240.1406,0,0
10/10/1986,138310.2969,0,0
10/11/1986,110375.4609,0,0
10/12/1986,93821.63281,0,0
10/13/1986,68252.41406,0,0
10/14/1986,48785.03906,0,0
10/15/1986,34318.97656,0,0
10/16/1986,35302.55078,0,0
10/17/1986,19200.60156,0,0
10/18/1986,20704.59961,0,0
10/19/1986,48908.52344,0,0
10/20/1986,36413.29688,0,0
10/21/1986,36417.10156,0,0
10/22/1986,46157.32422,0,0
10/23/1986,53418.33594,0,0
10/24/1986,53588.19531,0,0
10/25/1986,54181.78125,0,0
10/26/1986,59005.30469,0,0
10/27/1986,64503.39063,0,0
10/28/1986,68163.92969,0,0
10/29/1986,69016.29688,0,0
10/30/1986,63921.49219,0,0
10/31/1986,55366.84375,0,0
11/01/1986,50941.51563,0,0
11/02/1986,47197.42578,0,0
11/03/1986,42239.53906,0,0
11/04/1986,35234.42188,0,0
11/05/1986,55145.87891,0,0
11/06/1986,41267.78906,0,0
11/07/1986,54248.03906,0,0
11/08/1986,69565.14844,0,0
11/09/1986,65864.20313,0,0
11/10/1986,66119.71094,0,0
11/11/1986,65692.64844,0,0
11/12/1986,59273,0,0
11/13/1986,45965.12891,0,0
11/14/1986,74053.60156,0,0
11/15/1986,90620.1875,0,0
11/16/1986,80458.77344,0,0
11/17/1986,60424.93359,0,0
11/18/1986,42553.14063,0,0
11/19/1986,81548.46094,0,0
11/20/1986,114292.9922,0,0
11/21/1986,146550.1563,0,0
11/22/1986,135586.2656,0,0
11/23/1986,99013.76563,0,0
11/24/1986,63699.80078,0,0
11/25/1986,44415.87891,0,0
11/26/1986,36894.52734,0,0
11/27/1986,39858.80859,0,0
11/28/1986,42273.23438,0,0
11/29/1986,38920.59766,0,0
11/30/1986,34884.88672,0,0
12/01/1986,58012.60938,0,0
12/02/1986,52334.19922,0,0
12/03/1986,37619.78906,0,0
12/04/1986,49409.24219,0,0
12/05/1986,59907.87891,0,0
12/06/1986,51895.46484,0,0
12/07/1986,42867.14063,0,0
12/08/1986,34235.99609,0,0
12/09/1986,55330.62109,0,0
12/10/1986,156561.4219,0,0
12/11/1986,155101.0469,0,0
12/12/1986,140133.75,0,0
12/13/1986,111230.2031,0,0
12/14/1986,79613.63281,0,0
12/15/1986,52663.05859,0,0
12/16/1986,40869.64063,0,0
12/17/1986,120872.625,0,0
12/18/1986,139034.6094,0,0
12/19/1986,124380.1094,0,0
12/20/1986,88646.88281,0,0
12/21/1986,104494.9922,0,0
12/22/1986,118221.25,0,0
12/23/1986,95736.30469,0,0
12/24/1986,115757.9219,0,0
12/25/1986,89748.17188,0,0
12/26/1986,79368.40625,0,0
12/27/1986,68574.44531,0,0
12/28/1986,53694.625,0,0
12/29/1986,224577.3125,0,0
12/30/1986,62749.93359,0,0
12/31/1986,67346.15625,0,0
01/01/1987,42901.35938,0,0
01/02/1987,508335.2188,0,0
01/03/1987,273641.6875,0,0
01/04/1987,132793.9219,0,0
01/05/1987,70523.22656,0,0
01/06/1987,51165.22266,0,0
01/07/1987,214669.7031,0,0
01/08/1987,132054.9063,0,0
01/09/1987,83671.42969,0,0
01/10/1987,55288.28906,0,0
01/11/1987,41080.28906,0,0
01/12/1987,132266.0781,0,0
01/13/1987,84900.21094,0,0
01/14/1987,68024.15625,0,0
01/15/1987,29265.57227,0,0
01/16/1987,110583.3203,0,0
01/17/1987,53146.27344,0,0
01/18/1987,48800.34766,0,0
01/19/1987,40935.25781,0,0
01/20/1987,41868.00781,0,0
01/21/1987,40212.625,0,0
01/22/1987,30654.40625,0,0
01/23/1987,233001.2813,0,0
01/24/1987,83856.90625,0,0
01/25/1987,55554.36719,0,0
01/26/1987,54979.27734,0,0
01/27/1987,41566.5,0,0
01/28/1987,110309.0391,0,0
01/29/1987,96637.60938,0,0
01/30/1987,53796.00781,0,0
01/31/1987,323705.625,0,0
02/01/1987,237502.7344,0,0
02/02/1987,103807.4922,0,0
02/03/1987,56427.76953,0,0
02/04/1987,193251.1875,0,0
02/05/1987,163219.3438,0,0
02/06/1987,148042.5313,0,0
02/07/1987,129058.5469,0,0
02/08/1987,94530.72656,0,0
02/09/1987,63775.625,0,0
02/10/1987,272663.3125,0,0
02/11/1987,289437.4063,0,0
02/12/1987,88252.77344,0,0
02/13/1987,31455.00195,0,0
02/14/1987,765668.5,0,0
02/15/1987,27440.32422,0,0
02/16/1987,48978.50781,0,0
02/17/1987,33366.57813,0,0
02/18/1987,27998.23438,0,0
02/19/1987,21933.64453,0,0
02/20/1987,116164.4766,0,0
02/21/1987,34372.54297,0,0
02/22/1987,47935.90625,0,0
02/23/1987,66118.94531,0,0
02/24/1987,17808.44727,0,0
02/25/1987,216964.125,0,0
02/26/1987,40486.83203,0,0
02/27/1987,25220.05078,0,0
02/28/1987,19122.73828,0,0
03/01/1987,11720.75,0,0
03/02/1987,35725.22656,0,0
03/03/1987,28516.60156,0,0
03/04/1987,28006.30273,0,0
03/05/1987,56702.46484,0,0
03/06/1987,77505.66406,0,0
03/07/1987,71183.45313,0,0
03/08/1987,49291.06641,0,0
03/09/1987,26057.52539,0,0
03/10/1987,67707.64063,0,0
03/11/1987,120184.2813,0,0
03/12/1987,133432.3281,0,0
03/13/1987,104255.2344,0,0
03/14/1987,60069.82031,0,0
03/15/1987,36439.55078,0,0
03/16/1987,75556.65625,0,0
03/17/1987,49526.03906,0,0
03/18/1987,34660.30469,0,0
03/19/1987,22816.26563,0,0
03/20/1987,351396.9688,0,0
03/21/1987,170957.7969,0,0
03/22/1987,90703.04688,0,0
03/23/1987,49820.98047,0,0
03/24/1987,34472.95703,0,0
03/25/1987,28076.54688,0,0
03/26/1987,16533.73047,0,0
03/27/1987,302047.4688,0,0
03/28/1987,123418.0625,0,0
03/29/1987,49666.25391,0,0
03/30/1987,27523.05469,0,0
03/31/1987,225574.5781,0,0
04/01/1987,249033.7813,0,0
04/02/1987,139690.7188,0,0
04/03/1987,65341.93359,0,0
04/04/1987,444855.1563,0,0
04/05/1987,411275.0625,0,0
04/06/1987,230542.1875,0,0
04/07/1987,72367.10938,0,0
04/08/1987,86827.27344,0,0
04/09/1987,62996.1875,0,0
04/10/1987,121365.2813,0,0
04/11/1987,1119899.75,0,0
04/12/1987,96941.54688,0,0
04/13/1987,413461.2188,0,0
04/14/1987,117902.3203,0,0
04/15/1987,37497.44141,0,0
04/16/1987,578994.3125,0,0
04/17/1987,11478.06641,0,0
04/18/1987,66290.875,0,0
04/19/1987,39885.92578,0,0
04/20/1987,12008.11426,0,0
04/21/1987,948.8151245,0,0
04/22/1987,0,0,0
04/23/1987,3839.748047,0,0
04/24/1987,0,0,0
04/25/1987,5555.007324,0,0
04/26/1987,13107.53613,0,0
04/27/1987,20059.19141,0,0
04/28/1987,28081.57031,0,0
04/29/1987,29205.12109,0,0
04/30/1987,22100.43555,0,0
05/01/1987,13718.33203,0,0
05/02/1987,5779.161133,0,0
05/03/1987,57917.87891,0,0
05/04/1987,149355.7031,0,0
05/05/1987,208424.0313,0,0
05/06/1987,208469.7656,0,0
05/07/1987,167238.2813,0,0
05/08/1987,118721.375,0,0
05/09/1987,76008.4375,0,0
05/10/1987,63192.82422,0,0
05/11/1987,52286.39844,0,0
05/12/1987,58710.74219,0,0
05/13/1987,52986.74219,0,0
05/14/1987,82278.07031,0,0
05/15/1987,86835.5,0,0
05/16/1987,61591.94531,0,0
05/17/1987,410610.7188,0,0
05/18/1987,394659.2813,0,0
05/19/1987,233626.5,0,0
05/20/1987,125457.7344,0,0
05/21/1987,54045.58203,0,0
05/22/1987,367833.8438,0,0
05/23/1987,194940.6094,0,0
05/24/1987,91032.04688,0,0
05/25/1987,42872.80859,0,0
05/26/1987,21245.01953,0,0
05/27/1987,189500.9531,0,0
05/28/1987,161336.1719,0,0
05/29/1987,46913.67969,0,0
05/30/1987,102633.5625,0,0
05/31/1987,141427.1875,0,0
06/01/1987,121616.4219,0,0
06/02/1987,80637.39063,0,0
06/03/1987,203302.5938,0,0
06/04/1987,66077.64063,0,0
06/05/1987,574835.375,0,0
06/06/1987,383066.25,0,0
06/07/1987,282203.5625,0,0
06/08/1987,191087.8125,0,0
06/09/1987,129657.4688,0,0
06/10/1987,116905.3906,0,0
06/11/1987,123558.6953,0,0
06/12/1987,128088.8594,0,0
06/13/1987,123332.25,0,0
06/14/1987,104899.5,0,0
06/15/1987,73988.89063,0,0
06/16/1987,59423.35156,0,0
06/17/1987,46795.60938,0,0
06/18/1987,40669.15625,0,0
06/19/1987,39546.67578,0,0
06/20/1987,39200.06641,0,0
06/21/1987,36609.41797,0,0
06/22/1987,202181.2656,0,0
06/23/1987,18743.57422,0,0
06/24/1987,1895420,0,0
06/25/1987,889380.1875,0,0
06/26/1987,1047033.75,0,0
06/27/1987,879333.4375,0,0
06/28/1987,602175.4375,0,0
06/29/1987,397244.7188,0,0
06/30/1987,224883.75,0,0
07/01/1987,121758.4844,0,0
07/02/1987,249938.2344,0,0
07/03/1987,81892.11719,0,0
07/04/1987,210968.0469,0,0
07/05/1987,206695.8906,0,0
07/06/1987,68448.45313,0,0
07/07/1987,3840.885742,0,0
07/08/1987,760469.8125,0,0
07/09/1987,463592.125,0,0
07/10/1987,118275.9609,0,0
07/11/1987,31181.64258,0,0
07/12/1987,207985.6719,0,0
07/13/1987,61138.05859,0,0
07/14/1987,51608.45313,0,0
07/15/1987,60584.54688,0,0
07/16/1987,276465.0625,0,0
07/17/1987,0,0,0
07/18/1987,1660507.875,0,0
07/19/1987,1894664.75,0,0
07/20/1987,1158131.5,0,0
07/21/1987,383745.5625,0,0
07/22/1987,379812.9375,0,0
07/23/1987,280677.1875,0,0
07/24/1987,390083.25,0,0
07/25/1987,64670.45703,0,0
07/26/1987,1634.887817,0,0
07/27/1987,409.2935791,0,0
07/28/1987,213.0393372,0,0
07/29/1987,66071.32031,0,0
07/30/1987,143616.3594,0,0
07/31/1987,54213.10938,0,0
08/01/1987,16714.44922,0,0
08/02/1987,7387.833496,0,0
08/03/1987,341828.8438,0,0
08/04/1987,0,0,0
08/05/1987,45244.13672,0,0
08/06/1987,176375.0156,0,0
08/07/1987,340667.125,0,0
08/08/1987,1302926.75,0,0
08/09/1987,1435397.25,0,0
08/10/1987,147593.6094,0,0
08/11/1987,764894.5625,0,0
08/12/1987,154345.5781,0,0
08/13/1987,252573.2188,0,0
08/14/1987,118294.1172,0,0
08/15/1987,111343.7578,0,0
08/16/1987,79334.48438,0,0
08/17/1987,368974.0938,0,0
08/18/1987,85606.375,0,0
08/19/1987,171818.0938,0,0
08/20/1987,4253.934082,0,0
08/21/1987,327766.4063,0,0
08/22/1987,2862.596436,0,0
08/23/1987,32304.01367,0,0
08/24/1987,271400.4688,0,0
08/25/1987,54309.59766,0,0
08/26/1987,147267.125,0,0
08/27/1987,30013.34766,0,0
08/28/1987,118257.3516,0,0
08/29/1987,175364.0469,0,0
08/30/1987,130532.7344,0,0
08/31/1987,187034.2188,0,0
09/01/1987,170058.8438,0,0
09/02/1987,294003.5,0,0
09/03/1987,480322.0625,0,0
09/04/1987,179721.5625,0,0
09/05/1987,161317.6406,0,0
09/06/1987,0,0,0
09/07/1987,148623.9063,0,0
09/08/1987,404651.0938,0,0
09/09/1987,85929.84375,0,0
09/10/1987,29070.11328,0,0
09/11/1987,78855.39063,0,0
09/12/1987,99832.22656,0,0
09/13/1987,120729.7266,0,0
09/14/1987,232490.6406,0,0
09/15/1987,28866.67188,0,0
09/16/1987,59387.41406,0,0
09/17/1987,65274.19531,0,0
09/18/1987,54767.62891,0,0
09/19/1987,38843.82031,0,0
09/20/1987,29430.42188,0,0
09/21/1987,21857.64648,0,0
09/22/1987,29464.66406,0,0
09/23/1987,47520.51563,0,0
09/24/1987,328690.4375,0,0
09/25/1987,0,0,0
09/26/1987,5394.313965,0,0
09/27/1987,17161.68555,0,0
09/28/1987,28490.23047,0,0
09/29/1987,37877.17578,0,0
09/30/1987,43498.56641,0,0
10/01/1987,335108.9063,0,0
10/02/1987,0,0,0
10/03/1987,137728.2813,0,0
10/04/1987,101596.4688,0,0
10/05/1987,137651.1406,0,0
10/06/1987,171051.5156,0,0
10/07/1987,173676.4063,0,0
10/08/1987,150486.0625,0,0
10/09/1987,115121.5313,0,0
10/10/1987,84184.64844,0,0
10/11/1987,61698.22656,0,0
10/12/1987,50623.59766,0,0
10/13/1987,44897.96094,0,0
10/14/1987,33323.35547,0,0
10/15/1987,56002.14844,0,0
10/16/1987,74587.67188,0,0
10/17/1987,73862.28125,0,0
10/18/1987,59045.03906,0,0
10/19/1987,40617.74609,0,0
10/20/1987,26123.31836,0,0
10/21/1987,87378.42188,0,0
10/22/1987,44439.32813,0,0
10/23/1987,19647.03125,0,0
10/24/1987,21142.9082,0,0
10/25/1987,23844.87891,0,0
10/26/1987,21440.12695,0,0
10/27/1987,16746.0293,0,0
10/28/1987,11881.13867,0,0
10/29/1987,7301.910156,0,0
10/30/1987,3201.720703,0,0
10/31/1987,51202.19531,0,0
11/01/1987,4186.206055,0,0
11/02/1987,35751.96484,0,0
11/03/1987,17588.44727,0,0
11/04/1987,13903.66113,0,0
11/05/1987,6408.749512,0,0
11/06/1987,6174.291992,0,0
11/07/1987,8626.475586,0,0
11/08/1987,11165.48633,0,0
11/09/1987,12892.14258,0,0
11/10/1987,12800.69238,0,0
11/11/1987,15621.61328,0,0
11/12/1987,20886.33203,0,0
11/13/1987,21485.24609,0,0
11/14/1987,15115.71582,0,0
11/15/1987,15160.47656,0,0
11/16/1987,15350.41211,0,0
11/17/1987,12092.64844,0,0
11/18/1987,7885.432129,0,0
11/19/1987,4046.090088,0,0
11/20/1987,137014.1406,0,0
11/21/1987,108375.8516,0,0
11/22/1987,102618.2578,0,0
11/23/1987,72653.59375,0,0
11/24/1987,42421.58203,0,0
11/25/1987,19651.94727,0,0
11/26/1987,61780.78906,0,0
11/27/1987,56697.33203,0,0
11/28/1987,34696.01563,0,0
11/29/1987,17855.46094,0,0
11/30/1987,128422.3359,0,0
12/01/1987,78086.28125,0,0
12/02/1987,46909.75,0,0
12/03/1987,32311.10156,0,0
12/04/1987,19991.04102,0,0
12/05/1987,14144.28516,0,0
12/06/1987,28668.53516,0,0
12/07/1987,20804.41797,0,0
12/08/1987,8929.477539,0,0
12/09/1987,241354.0313,0,0
12/10/1987,24366.71875,0,0
12/11/1987,21644.39453,0,0
12/12/1987,19780.47852,0,0
12/13/1987,16617.53125,0,0
12/14/1987,9919.505859,0,0
12/15/1987,61403.80469,0,0
12/16/1987,143144.4063,0,0
12/17/1987,63977.60547,0,0
12/18/1987,19384.98438,0,0
12/19/1987,226160.2188,0,0
12/20/1987,100784.75,0,0
12/21/1987,33371.71484,0,0
12/22/1987,13669.89746,0,0
12/23/1987,235106.9688,0,0
12/24/1987,30488.02734,0,0
12/25/1987,77779.75,0,0
12/26/1987,30448.51953,0,0
12/27/1987,103206.5859,0,0
12/28/1987,85393.35938,0,0
12/29/1987,75579.99219,0,0
12/30/1987,53124.83203,0,0
12/31/1987,31628.60352,0,0
01/01/1988,17176.49609,0,0
01/02/1988,19236.48438,0,0
01/03/1988,22385.23242,0,0
01/04/1988,19209.34961,0,0
01/05/1988,14168.50488,0,0
01/06/1988,44942.84375,0,0
01/07/1988,32151.16406,0,0
01/08/1988,13184.00195,0,0
01/09/1988,49039.66406,0,0
01/10/1988,41349.67969,0,0
01/11/1988,20978.61719,0,0
01/12/1988,48228.625,0,0
01/13/1988,41482.5,0,0
01/14/1988,22153.61523,0,0
01/15/1988,7952.430664,0,0
01/16/1988,291014.1563,0,0
01/17/1988,35775.35938,0,0
01/18/1988,21655.50586,0,0
01/19/1988,11391.91797,0,0
01/20/1988,82530.42188,0,0
01/21/1988,14556.125,0,0
01/22/1988,10233.77637,0,0
01/23/1988,24809.20898,0,0
01/24/1988,81130.00781,0,0
01/25/1988,100412.5234,0,0
01/26/1988,76088.76563,0,0
01/27/1988,38285.82422,0,0
01/28/1988,18666.28516,0,0
01/29/1988,190221.4375,0,0
01/30/1988,87994.85156,0,0
01/31/1988,136382.25,0,0
02/01/1988,69559.79688,0,0
02/02/1988,20132.23047,0,0
02/03/1988,1248105.375,0,0
02/04/1988,290300.0313,0,0
02/05/1988,81495.75781,0,0
02/06/1988,30467.43359,0,0
02/07/1988,689098.625,0,0
02/08/1988,161657.7188,0,0
02/09/1988,112744.8281,0,0
02/10/1988,66088.27344,0,0
02/11/1988,31171.79102,0,0
02/12/1988,17239.375,0,0
02/13/1988,10962.61523,0,0
02/14/1988,6763.663086,0,0
02/15/1988,3122.137207,0,0
02/16/1988,27297.91797,0,0
02/17/1988,2830.87207,0,0
02/18/1988,16825.31055,0,0
02/19/1988,50724.40234,0,0
02/20/1988,82330.72656,0,0
02/21/1988,88056.95313,0,0
02/22/1988,72011.25781,0,0
02/23/1988,48139.98438,0,0
02/24/1988,42682.87109,0,0
02/25/1988,53284.95313,0,0
02/26/1988,51396.71875,0,0
02/27/1988,50375.67188,0,0
02/28/1988,44416.95313,0,0
02/29/1988,133259.7031,0,0
03/01/1988,214132.5938,0,0
03/02/1988,213206.4219,0,0
03/03/1988,150821.7813,0,0
03/04/1988,91914.42969,0,0
03/05/1988,65608.20313,0,0
03/06/1988,51798.5625,0,0
03/07/1988,49468.24609,0,0
03/08/1988,43291.28516,0,0
03/09/1988,30699.85938,0,0
03/10/1988,204137.2813,0,0
03/11/1988,59316.73047,0,0
03/12/1988,35591.58594,0,0
03/13/1988,102822.6406,0,0
03/14/1988,111716.9063,0,0
03/15/1988,72239.80469,0,0
03/16/1988,33073.64063,0,0
03/17/1988,9190.990234,0,0
03/18/1988,2153.821289,0,0
03/19/1988,2926.760254,0,0
03/20/1988,5185.078613,0,0
03/21/1988,9871.445313,0,0
03/22/1988,14766.47461,0,0
03/23/1988,28854.3418,0,0
03/24/1988,47629.9375,0,0
03/25/1988,54096.32813,0,0
03/26/1988,115797.8359,0,0
03/27/1988,199133.7344,0,0
03/28/1988,215041.375,0,0
03/29/1988,184923.5313,0,0
03/30/1988,122908.7188,0,0
03/31/1988,89740.23438,0,0
04/01/1988,89716.0625,0,0
04/02/1988,74250.875,0,0
04/03/1988,45603.92188,0,0
04/04/1988,227013.9063,0,0
04/05/1988,255529.3125,0,0
04/06/1988,178661.5625,0,0
04/07/1988,98836.80469,0,0
04/08/1988,41230.11719,0,0
04/09/1988,733790.3125,0,0
04/10/1988,197469,0,0
04/11/1988,62728.99219,0,0
04/12/1988,390628.3438,0,0
04/13/1988,141024.0625,0,0
04/14/1988,41297.16797,0,0
04/15/1988,10836.3418,0,0
04/16/1988,822.9260254,0,0
04/17/1988,0,0,0
04/18/1988,0,0,0
04/19/1988,0,0,0
04/20/1988,0,0,0
04/21/1988,0,0,0
04/22/1988,0,0,0
04/23/1988,0,0,0
04/24/1988,0,0,0
04/25/1988,0,0,0
04/26/1988,0,0,0
04/27/1988,0,0,0
04/28/1988,0,0,0
04/29/1988,0,0,0
04/30/1988,0,0,0
05/01/1988,434.9873047,0,0
05/02/1988,662.1088867,0,0
05/03/1988,1110.661377,0,0
05/04/1988,1105.946533,0,0
05/05/1988,1038.158447,0,0
05/06/1988,0,0,0
05/07/1988,19125.30859,0,0
05/08/1988,19836.90234,0,0
05/09/1988,33084.76953,0,0
05/10/1988,47267.00781,0,0
05/11/1988,60772.53906,0,0
05/12/1988,66374.39063,0,0
05/13/1988,56658.43359,0,0
05/14/1988,41479.38281,0,0
05/15/1988,28592.52734,0,0
05/16/1988,21553.79883,0,0
05/17/1988,22165.92188,0,0
05/18/1988,27368.8125,0,0
05/19/1988,23758.40625,0,0
05/20/1988,25414.04492,0,0
05/21/1988,30666.31836,0,0
05/22/1988,35469.53125,0,0
05/23/1988,31290.60352,0,0
05/24/1988,34622.46875,0,0
05/25/1988,113823.5703,0,0
05/26/1988,0,0,0
05/27/1988,2138050.25,0,0
05/28/1988,783180,0,0
05/29/1988,494727.1563,0,0
05/30/1988,227683.7188,0,0
05/31/1988,129268.3281,0,0
06/01/1988,131192.3594,0,0
06/02/1988,549230.375,0,0
06/03/1988,165656.2188,0,0
06/04/1988,482225.8125,0,0
06/05/1988,164947.375,0,0
06/06/1988,61461.53516,0,0
06/07/1988,220194.0313,0,0
06/08/1988,0,0,0
06/09/1988,12275.35938,0,0
06/10/1988,35097.32813,0,0
06/11/1988,60731.71875,0,0
06/12/1988,327251.5,0,0
06/13/1988,17178.12305,0,0
06/14/1988,821560.6875,0,0
06/15/1988,1196525.625,0,0
06/16/1988,1992191,0,0
06/17/1988,1071821.375,0,0
06/18/1988,466227,0,0
06/19/1988,224263.375,0,0
06/20/1988,630683.1875,0,0
06/21/1988,0,0,0
06/22/1988,0,0,0
06/23/1988,0,0,0
06/24/1988,100436.0313,0,0
06/25/1988,78660.25781,0,0
06/26/1988,38609.67969,0,0
06/27/1988,260216.25,0,0
06/28/1988,152027.6719,0,0
06/29/1988,16214.26172,0,0
06/30/1988,31006.84766,0,0
07/01/1988,45155.47266,0,0
07/02/1988,42393.14063,0,0
07/03/1988,339225.2188,0,0
07/04/1988,55774.48828,0,0
07/05/1988,31075.09766,0,0
07/06/1988,44378.61328,0,0
07/07/1988,206246.0781,0,0
07/08/1988,412.4612427,0,0
07/09/1988,118080.0234,0,0
07/10/1988,724251.375,0,0
07/11/1988,0,0,0
07/12/1988,217133.5938,0,0
07/13/1988,221319.5625,0,0
07/14/1988,149330.7031,0,0
07/15/1988,99481.9375,0,0
07/16/1988,284330.6875,0,0
07/17/1988,32310.07617,0,0
07/18/1988,8753.992188,0,0
07/19/1988,68073.47656,0,0
07/20/1988,87586.64844,0,0
07/21/1988,293593.375,0,0
07/22/1988,31465.93359,0,0
07/23/1988,242535.8594,0,0
07/24/1988,16752.91797,0,0
07/25/1988,58536.1875,0,0
07/26/1988,179180.875,0,0
07/27/1988,49874.01563,0,0
07/28/1988,14631.30176,0,0
07/29/1988,219289.1406,0,0
07/30/1988,79005.09375,0,0
07/31/1988,879541.875,0,0
08/01/1988,14166.80469,0,0
08/02/1988,951109.8125,0,0
08/03/1988,368559.8125,0,0
08/04/1988,379024.7188,0,0
08/05/1988,284066.6875,0,0
08/06/1988,1608793.25,0,0
08/07/1988,235941.375,0,0
08/08/1988,19112.20313,0,0
08/09/1988,17120386,0,0
08/10/1988,44584.88672,0,0
08/11/1988,1911770,0,0
08/12/1988,174402.4688,0,0
08/13/1988,35181.16016,0,0
08/14/1988,932013.125,0,0
08/15/1988,856811,0,0
08/16/1988,31685.95508,0,0
08/17/1988,402980.625,0,0
08/18/1988,137478.7188,0,0
08/19/1988,37376.21875,0,0
08/20/1988,164193.75,0,0
08/21/1988,18307.97656,0,0
08/22/1988,325026.6563,0,0
08/23/1988,1486289.5,0,0
08/24/1988,59678.00781,0,0
08/25/1988,380343.5313,0,0
08/26/1988,41091.65625,0,0
08/27/1988,1281743,0,0
08/28/1988,14640.66016,0,0
08/29/1988,20863568,0,0
08/30/1988,96055.20313,0,0
08/31/1988,30681.48047,0,0
09/01/1988,1058121.875,0,0
09/02/1988,108765.1094,0,0
09/03/1988,44175.86328,0,0
09/04/1988,215833.125,0,0
09/05/1988,33655.64063,0,0
09/06/1988,712043.25,0,0
09/07/1988,395908.375,0,0
09/08/1988,24519.70508,0,0
09/09/1988,1298576,0,0
09/10/1988,101862.4766,0,0
09/11/1988,2583124.25,0,0
09/12/1988,127480.4141,0,0
09/13/1988,224573.4844,0,0
09/14/1988,126558.7813,0,0
09/15/1988,1356997.375,0,0
09/16/1988,353713.8125,0,0
09/17/1988,233068.4531,0,0
09/18/1988,691073.9375,0,0
09/19/1988,337162,0,0
09/20/1988,566892.125,0,0
09/21/1988,287372.1875,0,0
09/22/1988,1298243.75,0,0
09/23/1988,668487.1875,0,0
09/24/1988,792731.3125,0,0
09/25/1988,398185.3125,0,0
09/26/1988,348150.2188,0,0
09/27/1988,173743.5,0,0
09/28/1988,61351.98828,0,0
09/29/1988,2941157.5,0,0
09/30/1988,188029.3125,0,0
10/01/1988,43594.44531,0,0
10/02/1988,307612.875,0,0
10/03/1988,3655.164063,0,0
10/04/1988,1056053,0,0
10/05/1988,7569.140625,0,0
10/06/1988,16104.63574,0,0
10/07/1988,45821.17188,0,0
10/08/1988,70113.92188,0,0
10/09/1988,83165.38281,0,0
10/10/1988,86328.25781,0,0
10/11/1988,88093.51563,0,0
10/12/1988,103508.5391,0,0
10/13/1988,98466.38281,0,0
10/14/1988,76190.71094,0,0
10/15/1988,55745.22266,0,0
10/16/1988,42315.9375,0,0
10/17/1988,31798.54102,0,0
10/18/1988,36312.69141,0,0
10/19/1988,38635.35156,0,0
10/20/1988,34364.51563,0,0
10/21/1988,28973.49805,0,0
10/22/1988,31396.37109,0,0
10/23/1988,42977.67578,0,0
10/24/1988,52329.86328,0,0
10/25/1988,53370.67969,0,0
10/26/1988,55290.54297,0,0
10/27/1988,54393.99219,0,0
10/28/1988,54927.44922,0,0
10/29/1988,56453.39063,0,0
10/30/1988,51337.23828,0,0
10/31/1988,44400.87109,0,0
11/01/1988,37974.42969,0,0
11/02/1988,33816.91406,0,0
11/03/1988,30747.07813,0,0
11/04/1988,29381.14453,0,0
11/05/1988,31598.10352,0,0
11/06/1988,42388.35156,0,0
11/07/1988,57690.05469,0,0
11/08/1988,66896.96875,0,0
11/09/1988,67993.00781,0,0
11/10/1988,66069.9375,0,0
11/11/1988,63839.51172,0,0
11/12/1988,55732.48828,0,0
11/13/1988,48616.51953,0,0
11/14/1988,44263.22266,0,0
11/15/1988,38759.56641,0,0
11/16/1988,70094.17188,0,0
11/17/1988,88150.28906,0,0
11/18/1988,84888.32813,0,0
11/19/1988,57837.46875,0,0
11/20/1988,55360.42969,0,0
11/21/1988,59602.41016,0,0
11/22/1988,50832.04688,0,0
11/23/1988,48286.9375,0,0
11/24/1988,60179.67969,0,0
11/25/1988,73756.88281,0,0
11/26/1988,75579.39063,0,0
11/27/1988,64273.08984,0,0
11/28/1988,57661.09375,0,0
11/29/1988,57842.87891,0,0
11/30/1988,57424.99219,0,0
12/01/1988,60283.38281,0,0
12/02/1988,47766.09375,0,0
12/03/1988,172066.4531,0,0
12/04/1988,45588.48828,0,0
12/05/1988,44894.21484,0,0
12/06/1988,46494.49219,0,0
12/07/1988,68472.44531,0,0
12/08/1988,53088.44531,0,0
12/09/1988,148326.5469,0,0
12/10/1988,117849.6641,0,0
12/11/1988,70655.34375,0,0
12/12/1988,38556.76563,0,0
12/13/1988,360673.0625,0,0
12/14/1988,107622.7891,0,0
12/15/1988,67259.92969,0,0
12/16/1988,32653.72852,0,0
12/17/1988,141623.0781,0,0
12/18/1988,97655.52344,0,0
12/19/1988,94239.64063,0,0
12/20/1988,68199.98438,0,0
12/21/1988,78613.3125,0,0
12/22/1988,81969.46875,0,0
12/23/1988,63093.65625,0,0
12/24/1988,36568.33984,0,0
12/25/1988,557673.1875,0,0
12/26/1988,328664.25,0,0
12/27/1988,249862.9531,0,0
12/28/1988,210654.7188,0,0
12/29/1988,135470.5156,0,0
12/30/1988,72885.58594,0,0
12/31/1988,70847.91406,0,0
01/01/1989,359905.9688,0,0
01/02/1989,125810.2969,0,0
01/03/1989,75219.75,0,0
01/04/1989,144276.7813,0,0
01/05/1989,2051419.5,0,0
01/06/1989,313683.625,0,0
01/07/1989,212206,0,0
01/08/1989,100757.7969,0,0
01/09/1989,492982.8438,0,0
01/10/1989,140683.5,0,0
01/11/1989,82176.42188,0,0
01/12/1989,349491,0,0
01/13/1989,62695.58594,0,0
01/14/1989,440144.625,0,0
01/15/1989,105818.5,0,0
01/16/1989,39963.62891,0,0
01/17/1989,864030.625,0,0
01/18/1989,204876.9375,0,0
01/19/1989,141529.4063,0,0
01/20/1989,135788.3438,0,0
01/21/1989,124390.6563,0,0
01/22/1989,100161.625,0,0
01/23/1989,73804.80469,0,0
01/24/1989,47197.03125,0,0
01/25/1989,694014.0625,0,0
01/26/1989,111375.9453,0,0
01/27/1989,53180.63281,0,0
01/28/1989,36207.02734,0,0
01/29/1989,51953.53516,0,0
01/30/1989,86369.96875,0,0
01/31/1989,97763.02344,0,0
02/01/1989,92597.78906,0,0
02/02/1989,82424.9375,0,0
02/03/1989,76044.07813,0,0
02/04/1989,78678.6875,0,0
02/05/1989,68878.25781,0,0
02/06/1989,50597.59766,0,0
02/07/1989,48448.54297,0,0
02/08/1989,63727.125,0,0
02/09/1989,43001.13281,0,0
02/10/1989,259925.0156,0,0
02/11/1989,432212.5625,0,0
02/12/1989,235213.5781,0,0
02/13/1989,100323.9063,0,0
02/14/1989,55457.44531,0,0
02/15/1989,297379.375,0,0
02/16/1989,138816.1094,0,0
02/17/1989,75391.48438,0,0
02/18/1989,53249.92188,0,0
02/19/1989,45520.69922,0,0
02/20/1989,62389.875,0,0
02/21/1989,46594.62891,0,0
02/22/1989,94785.1875,0,0
02/23/1989,565488.75,0,0
02/24/1989,341749.8438,0,0
02/25/1989,243431.2656,0,0
02/26/1989,162904.0313,0,0
02/27/1989,101231.2734,0,0
02/28/1989,75271.28906,0,0
03/01/1989,52694.9375,0,0
03/02/1989,322457,0,0
03/03/1989,76255.71875,0,0
03/04/1989,234756.6094,0,0
03/05/1989,150875.0938,0,0
03/06/1989,66428.79688,0,0
03/07/1989,31341.61719,0,0
03/08/1989,480073.875,0,0
03/09/1989,24995.80469,0,0
03/10/1989,790179.125,0,0
03/11/1989,93923.88281,0,0
03/12/1989,87851.14063,0,0
03/13/1989,55417.64063,0,0
03/14/1989,69429.625,0,0
03/15/1989,68473.07813,0,0
03/16/1989,45190.24609,0,0
03/17/1989,355784.8125,0,0
03/18/1989,268618.0625,0,0
03/19/1989,81538.02344,0,0
03/20/1989,85452.375,0,0
03/21/1989,532464.3125,0,0
03/22/1989,70258.10156,0,0
03/23/1989,323621.5,0,0
03/24/1989,69552.95313,0,0
03/25/1989,46600.41016,0,0
03/26/1989,632209.5625,0,0
03/27/1989,22669.48047,0,0
03/28/1989,18372.12305,0,0
03/29/1989,59954.70313,0,0
03/30/1989,44957.31641,0,0
03/31/1989,45457.69922,0,0
04/01/1989,38403.94531,0,0
04/02/1989,31390.70508,0,0
04/03/1989,25188.1582,0,0
04/04/1989,23420.40234,0,0
04/05/1989,20913.32813,0,0
04/06/1989,41525.43359,0,0
04/07/1989,41203.50391,0,0
04/08/1989,101309.3516,0,0
04/09/1989,98934.625,0,0
04/10/1989,59791.46094,0,0
04/11/1989,63187.07813,0,0
04/12/1989,452858.2188,0,0
04/13/1989,327143.1875,0,0
04/14/1989,317737.3125,0,0
04/15/1989,181633.4844,0,0
04/16/1989,83536.89063,0,0
04/17/1989,406556.6563,0,0
04/18/1989,222256.9531,0,0
04/19/1989,92257.6875,0,0
04/20/1989,53237.81641,0,0
04/21/1989,1454241.625,0,0
04/22/1989,75619.92188,0,0
04/23/1989,59649.91797,0,0
04/24/1989,53000.35938,0,0
04/25/1989,33071.70313,0,0
04/26/1989,216914.7188,0,0
04/27/1989,107110.5547,0,0
04/28/1989,94539.86719,0,0
04/29/1989,104503.5547,0,0
04/30/1989,90703.65625,0,0
05/01/1989,100942.8672,0,0
05/02/1989,61884.94141,0,0
05/03/1989,2333998.5,0,0
05/04/1989,521148.5313,0,0
05/05/1989,288864.5313,0,0
05/06/1989,508739.1875,0,0
05/07/1989,236638.7344,0,0
05/08/1989,243515.4375,0,0
05/09/1989,172093.6406,0,0
05/10/1989,115607.3594,0,0
05/11/1989,164740.3438,0,0
05/12/1989,124459.9297,0,0
05/13/1989,54210.69922,0,0
05/14/1989,886040.875,0,0
05/15/1989,222585.4844,0,0
05/16/1989,104207.625,0,0
05/17/1989,78600.28125,0,0
05/18/1989,91027.88281,0,0
05/19/1989,74088.60938,0,0
05/20/1989,47188.20313,0,0
05/21/1989,143110.5313,0,0
05/22/1989,12474.90137,0,0
05/23/1989,1581642.25,0,0
05/24/1989,225089.5156,0,0
05/25/1989,475717.2813,0,0
05/26/1989,269433.3125,0,0
05/27/1989,178935.4531,0,0
05/28/1989,133588.2344,0,0
05/29/1989,130880.3125,0,0
05/30/1989,123296.8047,0,0
05/31/1989,128770.7656,0,0
06/01/1989,135620.7969,0,0
06/02/1989,135670.5625,0,0
06/03/1989,424494.0938,0,0
06/04/1989,4118.807617,0,0
06/05/1989,821032.875,0,0
06/06/1989,569319.375,0,0
06/07/1989,427804.8125,0,0
06/08/1989,1416238.625,0,0
06/09/1989,0,0,0
06/10/1989,276868.25,0,0
06/11/1989,578012.625,0,0
06/12/1989,657614.1875,0,0
06/13/1989,547925.9375,0,0
06/14/1989,365670.9375,0,0
06/15/1989,202962.5938,0,0
06/16/1989,119836.8203,0,0
06/17/1989,80488.90625,0,0
06/18/1989,54702.48438,0,0
06/19/1989,37678.92188,0,0
06/20/1989,134924.0313,0,0
06/21/1989,7258.37793,0,0
06/22/1989,11381.29297,0,0
06/23/1989,10014.32227,0,0
06/24/1989,209560.375,0,0
06/25/1989,34144.89063,0,0
06/26/1989,3930.189697,0,0
06/27/1989,9596.480469,0,0
06/28/1989,21786.59766,0,0
06/29/1989,40937.73438,0,0
06/30/1989,64811.375,0,0
07/01/1989,86979.85938,0,0
07/02/1989,350142.25,0,0
07/03/1989,230054.2656,0,0
07/04/1989,0,0,0
07/05/1989,2162053.5,0,0
07/06/1989,628296.8125,0,0
07/07/1989,661946.6875,0,0
07/08/1989,1482249.125,0,0
07/09/1989,875202.75,0,0
07/10/1989,71210.98438,0,0
07/11/1989,93267.09375,0,0
07/12/1989,118395.7031,0,0
07/13/1989,137691.4063,0,0
07/14/1989,378506.6875,0,0
07/15/1989,9692.986328,0,0
07/16/1989,801666.375,0,0
07/17/1989,271431.3125,0,0
07/18/1989,63338.4375,0,0
07/19/1989,14949.73535,0,0
07/20/1989,2152549,0,0
07/21/1989,774755.5,0,0
07/22/1989,122095.3594,0,0
07/23/1989,72062.49219,0,0
07/24/1989,825628.3125,0,0
07/25/1989,845685.5625,0,0
07/26/1989,243177.2344,0,0
07/27/1989,313325.5,0,0
07/28/1989,348163.2188,0,0
07/29/1989,173273.7344,0,0
07/30/1989,122652.3359,0,0
07/31/1989,299635.5313,0,0
08/01/1989,182003.3438,0,0
08/02/1989,1264262,0,0
08/03/1989,987970.5,0,0
08/04/1989,699080.4375,0,0
08/05/1989,328105.1875,0,0
08/06/1989,555542.875,0,0
08/07/1989,597613.4375,0,0
08/08/1989,486752.5625,0,0
08/09/1989,328344.125,0,0
08/10/1989,542095.75,0,0
08/11/1989,640315.0625,0,0
08/12/1989,589648.0625,0,0
08/13/1989,610928.9375,0,0
08/14/1989,562928.8125,0,0
08/15/1989,583937.375,0,0
08/16/1989,371233.3438,0,0
08/17/1989,437219.2188,0,0
08/18/1989,336819.375,0,0
08/19/1989,331871.7813,0,0
08/20/1989,286718.5,0,0
08/21/1989,735274.125,0,0
08/22/1989,1054978.5,0,0
08/23/1989,1152642.25,0,0
08/24/1989,1085138.125,0,0
08/25/1989,1251076.75,0,0
08/26/1989,1106258.5,0,0
08/27/1989,1237453.25,0,0
08/28/1989,1317500.625,0,0
08/29/1989,1215468.125,0,0
08/30/1989,1191475.625,0,0
08/31/1989,1170105,0,0
09/01/1989,1116972.375,0,0
09/02/1989,1079271.75,0,0
09/03/1989,1004120,0,0
09/04/1989,897296.75,0,0
09/05/1989,847518.625,0,0
09/06/1989,931997.8125,0,0
09/07/1989,1156773.125,0,0
09/08/1989,1178253.625,0,0
09/09/1989,1141376,0,0
09/10/1989,1092186.625,0,0
09/11/1989,1056428,0,0
09/12/1989,898953,0,0
09/13/1989,733423.0625,0,0
09/14/1989,600655.3125,0,0
09/15/1989,508249.625,0,0
09/16/1989,529898.375,0,0
09/17/1989,573079.875,0,0
09/18/1989,562403.125,0,0
09/19/1989,517020.8125,0,0
09/20/1989,518234.4688,0,0
09/21/1989,730355.375,0,0
09/22/1989,722377.75,0,0
09/23/1989,697925.6875,0,0
09/24/1989,670354.875,0,0
09/25/1989,637041.1875,0,0
09/26/1989,645055.4375,0,0
09/27/1989,782595.5625,0,0
09/28/1989,1087225,0,0
09/29/1989,1259543.875,0,0
09/30/1989,1287901.375,0,0
10/01/1989,1287938.125,0,0
10/02/1989,1230630.625,0,0
10/03/1989,1209731.5,0,0
10/04/1989,1240191.5,0,0
10/05/1989,1219733,0,0
10/06/1989,1162515,0,0
10/07/1989,1047300.625,0,0
10/08/1989,887051.875,0,0
10/09/1989,725094.0625,0,0
10/10/1989,566981.6875,0,0
10/11/1989,430911.0313,0,0
10/12/1989,317226.8438,0,0
10/13/1989,425237.7188,0,0
10/14/1989,771625.4375,0,0
10/15/1989,1084274.25,0,0
10/16/1989,1156478.75,0,0
10/17/1989,983589.375,0,0
10/18/1989,690737.625,0,0
10/19/1989,451242.0938,0,0
10/20/1989,295042.1563,0,0
10/21/1989,219714.0469,0,0
10/22/1989,194443.3125,0,0
10/23/1989,166523.75,0,0
10/24/1989,279518.1563,0,0
10/25/1989,554818.625,0,0
10/26/1989,492563.875,0,0
10/27/1989,330097.6563,0,0
10/28/1989,209272.4063,0,0
10/29/1989,135021.2813,0,0
10/30/1989,307945.4063,0,0
10/31/1989,378534.1875,0,0
11/01/1989,670515.25,0,0
11/02/1989,379394.4063,0,0
11/03/1989,1419605,0,0
11/04/1989,870243.9375,0,0
11/05/1989,656758.625,0,0
11/06/1989,311492.1563,0,0
11/07/1989,205720.3438,0,0
11/08/1989,258253.5469,0,0
11/09/1989,131697.3594,0,0
11/10/1989,1171859.875,0,0
11/11/1989,313041.8125,0,0
11/12/1989,143157.0625,0,0
11/13/1989,210847.9844,0,0
11/14/1989,350186.4688,0,0
11/15/1989,193429.1406,0,0
11/16/1989,287723.5313,0,0
11/17/1989,177731,0,0
11/18/1989,122165.3359,0,0
11/19/1989,227563.6563,0,0
11/20/1989,69209.14844,0,0
11/21/1989,2060407.875,0,0
11/22/1989,298816.8125,0,0
11/23/1989,502743,0,0
11/24/1989,523474.0313,0,0
11/25/1989,413398.7188,0,0
11/26/1989,244401.1563,0,0
11/27/1989,121502.8828,0,0
11/28/1989,182524.3281,0,0
11/29/1989,227475.0781,0,0
11/30/1989,189661.0313,0,0
12/01/1989,124919.5469,0,0
12/02/1989,73195.3125,0,0
12/03/1989,607423.375,0,0
12/04/1989,120483.25,0,0
12/05/1989,87410.375,0,0
12/06/1989,45533.51953,0,0
12/07/1989,282032.875,0,0
12/08/1989,153231.6094,0,0
12/09/1989,34123.67188,0,0
12/10/1989,470091.7188,0,0
12/11/1989,223677.5781,0,0
12/12/1989,45589.83594,0,0
12/13/1989,71336.97656,0,0
12/14/1989,300462.875,0,0
12/15/1989,38640,0,0
12/16/1989,144459.3906,0,0
12/17/1989,180576.7188,0,0
12/18/1989,57943.06641,0,0
12/19/1989,19250.06641,0,0
12/20/1989,432510.6875,0,0
12/21/1989,39645.73438,0,0
12/22/1989,28517.80664,0,0
12/23/1989,192439.2969,0,0
12/24/1989,73818.65625,0,0
12/25/1989,30791.29297,0,0
12/26/1989,113885.1328,0,0
12/27/1989,39072.55078,0,0
12/28/1989,20456.67188,0,0
12/29/1989,242107.0781,0,0
12/30/1989,328073.4375,0,0
12/31/1989,132904.2813,0,0
01/01/1990,43496.99219,0,0
01/02/1990,298146.3125,0,0
01/03/1990,66417.46875,0,0
01/04/1990,22823.71484,0,0
01/05/1990,688750.5,0,0
01/06/1990,73122.64063,0,0
01/07/1990,23821.46289,0,0
01/08/1990,843820,0,0
01/09/1990,27379.60352,0,0
01/10/1990,48311.57813,0,0
01/11/1990,48131.49219,0,0
01/12/1990,36782.32813,0,0
01/13/1990,21591.72266,0,0
01/14/1990,529759.5625,0,0
01/15/1990,283920.6563,0,0
01/16/1990,197559.6563,0,0
01/17/1990,109739.5547,0,0
01/18/1990,61827.0625,0,0
01/19/1990,53395.77734,0,0
01/20/1990,30288.59375,0,0
01/21/1990,218797,0,0
01/22/1990,216010.25,0,0
01/23/1990,179194.4375,0,0
01/24/1990,74288.04688,0,0
01/25/1990,30815.98633,0,0
01/26/1990,1591101.125,0,0
01/27/1990,98869.39063,0,0
01/28/1990,352321.9688,0,0
01/29/1990,319441.0625,0,0
01/30/1990,252240.125,0,0
01/31/1990,169484.4375,0,0
02/01/1990,113483.3203,0,0
02/02/1990,77314.60938,0,0
02/03/1990,261187.7656,0,0
02/04/1990,73148.96875,0,0
02/05/1990,97655.21094,0,0
02/06/1990,286796.8125,0,0
02/07/1990,222694.2188,0,0
02/08/1990,151849.1875,0,0
02/09/1990,67096.92188,0,0
02/10/1990,443884,0,0
02/11/1990,198145.9375,0,0
02/12/1990,81469.67188,0,0
02/13/1990,64034.46875,0,0
02/14/1990,336420.8438,0,0
02/15/1990,79413.1875,0,0
02/16/1990,190029.7813,0,0
02/17/1990,102275.3672,0,0
02/18/1990,102021.5625,0,0
02/19/1990,46823.97656,0,0
02/20/1990,3383375,0,0
02/21/1990,248900.5625,0,0
02/22/1990,246231.8281,0,0
02/23/1990,156039.9688,0,0
02/24/1990,76656.49219,0,0
02/25/1990,505785.625,0,0
02/26/1990,222720.1406,0,0
02/27/1990,103406.6406,0,0
02/28/1990,65971.53906,0,0
03/01/1990,42904.47656,0,0
03/02/1990,156096.3125,0,0
03/03/1990,99508.60156,0,0
03/04/1990,57444.92578,0,0
03/05/1990,73983.22656,0,0
03/06/1990,59728.49609,0,0
03/07/1990,39327.85156,0,0
03/08/1990,143095.9688,0,0
03/09/1990,880030.5625,0,0
03/10/1990,852411.5,0,0
03/11/1990,584914.9375,0,0
03/12/1990,352287.125,0,0
03/13/1990,212542.4375,0,0
03/14/1990,157734.5156,0,0
03/15/1990,131591.1563,0,0
03/16/1990,124530.3203,0,0
03/17/1990,123531.8125,0,0
03/18/1990,120382.1563,0,0
03/19/1990,104076.4453,0,0
03/20/1990,107799.9375,0,0
03/21/1990,130423.5547,0,0
03/22/1990,110278.4531,0,0
03/23/1990,88487.625,0,0
03/24/1990,53398.90625,0,0
03/25/1990,116720.2813,0,0
03/26/1990,235402.4375,0,0
03/27/1990,94632.78906,0,0
03/28/1990,80107.35938,0,0
03/29/1990,71785.59375,0,0
03/30/1990,63748.23828,0,0
03/31/1990,49222.21484,0,0
04/01/1990,90756.65625,0,0
04/02/1990,30454.12891,0,0
04/03/1990,984965.5,0,0
04/04/1990,99920.20313,0,0
04/05/1990,61282.79688,0,0
04/06/1990,38618.58984,0,0
04/07/1990,212715.0156,0,0
04/08/1990,38729.71875,0,0
04/09/1990,35665.38672,0,0
04/10/1990,56264.9375,0,0
04/11/1990,143571.6094,0,0
04/12/1990,46594.8125,0,0
04/13/1990,641922.25,0,0
04/14/1990,170580.125,0,0
04/15/1990,77271.54688,0,0
04/16/1990,50843.65625,0,0
04/17/1990,39238.80469,0,0
04/18/1990,181856.4531,0,0
04/19/1990,55129.00781,0,0
04/20/1990,48970.53125,0,0
04/21/1990,372402.5,0,0
04/22/1990,273772.875,0,0
04/23/1990,177216.3906,0,0
04/24/1990,103304.1484,0,0
04/25/1990,73262.11719,0,0
04/26/1990,63987.69141,0,0
04/27/1990,282397.125,0,0
04/28/1990,387986.8125,0,0
04/29/1990,825798.875,0,0
04/30/1990,538307.4375,0,0
05/01/1990,221550.6719,0,0
05/02/1990,120288.6875,0,0
05/03/1990,66918.82813,0,0
05/04/1990,1290880,0,0
05/05/1990,416388.25,0,0
05/06/1990,173984.5625,0,0
05/07/1990,50243.38672,0,0
05/08/1990,803309.5,0,0
05/09/1990,126616.7344,0,0
05/10/1990,78934.28906,0,0
05/11/1990,49001.64844,0,0
05/12/1990,607576.875,0,0
05/13/1990,101464.2109,0,0
05/14/1990,120421.2188,0,0
05/15/1990,62677.60156,0,0
05/16/1990,295194.5625,0,0
05/17/1990,198579.6563,0,0
05/18/1990,78104.375,0,0
05/19/1990,186505.0313,0,0
05/20/1990,105803.4219,0,0
05/21/1990,99164.09375,0,0
05/22/1990,19068.92773,0,0
05/23/1990,6172698.5,0,0
05/24/1990,870893.25,0,0
05/25/1990,919697.625,0,0
05/26/1990,760205.25,0,0
05/27/1990,607195.4375,0,0
05/28/1990,448288.5313,0,0
05/29/1990,299875.75,0,0
05/30/1990,176697.2813,0,0
05/31/1990,228697.1563,0,0
06/01/1990,181430.1406,0,0
06/02/1990,132538.2031,0,0
06/03/1990,161986.6719,0,0
06/04/1990,127323.7969,0,0
06/05/1990,98572.42188,0,0
06/06/1990,330963.1563,0,0
06/07/1990,136513.1875,0,0
06/08/1990,328941.9375,0,0
06/09/1990,211885.7188,0,0
06/10/1990,106573.7734,0,0
06/11/1990,79505.42969,0,0
06/12/1990,276607.7188,0,0
06/13/1990,16708.80664,0,0
06/14/1990,739578.0625,0,0
06/15/1990,316538.5313,0,0
06/16/1990,146552.5,0,0
06/17/1990,143746.4063,0,0
06/18/1990,137188.3594,0,0
06/19/1990,476589.4063,0,0
06/20/1990,0,0,0
06/21/1990,2295390.75,0,0
06/22/1990,2338031.5,0,0
06/23/1990,1949916.875,0,0
06/24/1990,3192558,0,0
06/25/1990,795357.125,0,0
06/26/1990,530767.75,0,0
06/27/1990,23885.16797,0,0
06/28/1990,99699.625,0,0
06/29/1990,398867.6563,0,0
06/30/1990,573381.5,0,0
07/01/1990,605521.3125,0,0
07/02/1990,256585.0156,0,0
07/03/1990,2978030.5,0,0
07/04/1990,0,0,0
07/05/1990,71870.32813,0,0
07/06/1990,1267804.625,0,0
07/07/1990,0,0,0
07/08/1990,15129.39063,0,0
07/09/1990,25272.9082,0,0
07/10/1990,445722.625,0,0
07/11/1990,51733.95703,0,0
07/12/1990,11750.83398,0,0
07/13/1990,20795.55469,0,0
07/14/1990,287989.5,0,0
07/15/1990,27536.73828,0,0
07/16/1990,581286.9375,0,0
07/17/1990,139353.8125,0,0
07/18/1990,21610.40625,0,0
07/19/1990,184360.1406,0,0
07/20/1990,493010.4063,0,0
07/21/1990,20354.42578,0,0
07/22/1990,133027.6563,0,0
07/23/1990,142665.4688,0,0
07/24/1990,54671.15625,0,0
07/25/1990,345840.1563,0,0
07/26/1990,270243.4375,0,0
07/27/1990,320403.0938,0,0
07/28/1990,372763.4063,0,0
07/29/1990,1076935.875,0,0
07/30/1990,137806.5625,0,0
07/31/1990,392285.25,0,0
08/01/1990,205957.6406,0,0
08/02/1990,104016.7813,0,0
08/03/1990,1750577.125,0,0
08/04/1990,210639.875,0,0
08/05/1990,350264.5625,0,0
08/06/1990,711649.0625,0,0
08/07/1990,1438873.5,0,0
08/08/1990,985820,0,0
08/09/1990,819941.5,0,0
08/10/1990,2062740.625,0,0
08/11/1990,1836085.625,0,0
08/12/1990,1560173.125,0,0
08/13/1990,1137844.625,0,0
08/14/1990,671454.25,0,0
08/15/1990,323939.3125,0,0
08/16/1990,287824.4063,0,0
08/17/1990,243245.8906,0,0
08/18/1990,96336.32031,0,0
08/19/1990,2831359.25,0,0
08/20/1990,186326.9375,0,0
08/21/1990,161674.0313,0,0
08/22/1990,65286.55469,0,0
08/23/1990,942964.125,0,0
08/24/1990,40578.75,0,0
08/25/1990,1902765,0,0
08/26/1990,102017.6797,0,0
08/27/1990,136027.4063,0,0
08/28/1990,275456.5,0,0
08/29/1990,113464.8594,0,0
08/30/1990,149528.3906,0,0
08/31/1990,547972.8125,0,0
09/01/1990,167020.1406,0,0
09/02/1990,735085.0625,0,0
09/03/1990,239212.7344,0,0
09/04/1990,1267270,0,0
09/05/1990,687905.25,0,0
09/06/1990,270371.625,0,0
09/07/1990,144798.7031,0,0
09/08/1990,45531.14063,0,0
09/09/1990,5221261,0,0
09/10/1990,33358.64063,0,0
09/11/1990,526324.3125,0,0
09/12/1990,52512.12109,0,0
09/13/1990,65953.28906,0,0
09/14/1990,31916.88477,0,0
09/15/1990,116257.4688,0,0
09/16/1990,155980.8594,0,0
09/17/1990,28227.22266,0,0
09/18/1990,161013.1563,0,0
09/19/1990,21122.88867,0,0
09/20/1990,619487.375,0,0
09/21/1990,10791.99609,0,0
09/22/1990,1548335.625,0,0
09/23/1990,117239.3672,0,0
09/24/1990,308656.9375,0,0
09/25/1990,49447.35547,0,0
09/26/1990,29651.08203,0,0
09/27/1990,36653.63281,0,0
09/28/1990,44858.90234,0,0
09/29/1990,239700.1563,0,0
09/30/1990,1143.119751,0,0
10/01/1990,234582.1563,0,0
10/02/1990,220554.2969,0,0
10/03/1990,202604.4375,0,0
10/04/1990,156930.1875,0,0
10/05/1990,110854.6172,0,0
10/06/1990,91787.46875,0,0
10/07/1990,76638.58594,0,0
10/08/1990,50632.17188,0,0
10/09/1990,54328.26172,0,0
10/10/1990,41758.61719,0,0
10/11/1990,57082.02734,0,0
10/12/1990,73234.88281,0,0
10/13/1990,74205.33594,0,0
10/14/1990,63925.47266,0,0
10/15/1990,52250.97266,0,0
10/16/1990,97917.5625,0,0
10/17/1990,132529.9688,0,0
10/18/1990,126262.2813,0,0
10/19/1990,96094.44531,0,0
10/20/1990,61625.85156,0,0
10/21/1990,35438.83203,0,0
10/22/1990,23751.95703,0,0
10/23/1990,20381.74219,0,0
10/24/1990,18585.78125,0,0
10/25/1990,17123.77539,0,0
10/26/1990,39954.96094,0,0
10/27/1990,53165.96094,0,0
10/28/1990,48149.22656,0,0
10/29/1990,34141.18359,0,0
10/30/1990,25655.11719,0,0
10/31/1990,24742.07617,0,0
11/01/1990,26620.12695,0,0
11/02/1990,25956.21875,0,0
11/03/1990,19219.95703,0,0
11/04/1990,78238.98438,0,0
11/05/1990,47766.34766,0,0
11/06/1990,25268.28711,0,0
11/07/1990,67853.79688,0,0
11/08/1990,132865.7031,0,0
11/09/1990,136001.5781,0,0
11/10/1990,120136.3125,0,0
11/11/1990,101328.625,0,0
11/12/1990,74299.00781,0,0
11/13/1990,88418.07031,0,0
11/14/1990,101735.0313,0,0
11/15/1990,108911.9922,0,0
11/16/1990,94543.63281,0,0
11/17/1990,66119.83594,0,0
11/18/1990,39793.50781,0,0
11/19/1990,1467740.25,0,0
11/20/1990,666632.25,0,0
11/21/1990,244196.2188,0,0
11/22/1990,384419.8125,0,0
11/23/1990,399901.5313,0,0
11/24/1990,280586.5313,0,0
11/25/1990,156675.375,0,0
11/26/1990,226631.5938,0,0
11/27/1990,154322.2031,0,0
11/28/1990,94225.52344,0,0
11/29/1990,45444.86328,0,0
11/30/1990,205439.1719,0,0
12/01/1990,85719.99219,0,0
12/02/1990,32855.73438,0,0
12/03/1990,324983.75,0,0
12/04/1990,187486.2188,0,0
12/05/1990,109228.3984,0,0
12/06/1990,72971.96875,0,0
12/07/1990,46357.13281,0,0
12/08/1990,28694.37891,0,0
12/09/1990,282292.6875,0,0
12/10/1990,84223.96875,0,0
12/11/1990,34450.82422,0,0
12/12/1990,19457.41211,0,0
12/13/1990,86804.86719,0,0
12/14/1990,84275.92969,0,0
12/15/1990,55914.39453,0,0
12/16/1990,39024.23828,0,0
12/17/1990,27823.9375,0,0
12/18/1990,24415.21094,0,0
12/19/1990,21431.11914,0,0
12/20/1990,64561.73438,0,0
12/21/1990,88814.03906,0,0
12/22/1990,63106.67188,0,0
12/23/1990,52679.82422,0,0
12/24/1990,31325.58008,0,0
12/25/1990,17386.64648,0,0
12/26/1990,202278.375,0,0
12/27/1990,17490.3418,0,0
12/28/1990,14902.36719,0,0
12/29/1990,34260.03516,0,0
12/30/1990,70348.49219,0,0
